-- MySQL dump 10.13  Distrib 5.7.18, for Win64 (x86_64)
--
-- Host: localhost    Database: money
-- ------------------------------------------------------
-- Server version	5.7.18

/*!40101 SET @OLD_CHARACTER_SET_CLIENT=@@CHARACTER_SET_CLIENT */;
/*!40101 SET @OLD_CHARACTER_SET_RESULTS=@@CHARACTER_SET_RESULTS */;
/*!40101 SET @OLD_COLLATION_CONNECTION=@@COLLATION_CONNECTION */;
/*!40101 SET NAMES utf8 */;
/*!40103 SET @OLD_TIME_ZONE=@@TIME_ZONE */;
/*!40103 SET TIME_ZONE='+00:00' */;
/*!40014 SET @OLD_UNIQUE_CHECKS=@@UNIQUE_CHECKS, UNIQUE_CHECKS=0 */;
/*!40014 SET @OLD_FOREIGN_KEY_CHECKS=@@FOREIGN_KEY_CHECKS, FOREIGN_KEY_CHECKS=0 */;
/*!40101 SET @OLD_SQL_MODE=@@SQL_MODE, SQL_MODE='NO_AUTO_VALUE_ON_ZERO' */;
/*!40111 SET @OLD_SQL_NOTES=@@SQL_NOTES, SQL_NOTES=0 */;

--
-- Table structure for table `bank`
--

DROP TABLE IF EXISTS `bank`;
/*!40101 SET @saved_cs_client     = @@character_set_client */;
/*!40101 SET character_set_client = utf8 */;
CREATE TABLE `bank` (
  `id` int(10) unsigned NOT NULL AUTO_INCREMENT,
  `name` char(255) DEFAULT NULL,
  `orderd` smallint(5) unsigned DEFAULT NULL,
  `bankType` int(1) unsigned DEFAULT '0',
  PRIMARY KEY (`id`)
) ENGINE=InnoDB AUTO_INCREMENT=24 DEFAULT CHARSET=utf8;
/*!40101 SET character_set_client = @saved_cs_client */;

--
-- Dumping data for table `bank`
--

LOCK TABLES `bank` WRITE;
/*!40000 ALTER TABLE `bank` DISABLE KEYS */;
INSERT INTO `bank` VALUES (1,'招商',5,0),(2,'广发',6,0),(3,'工商',4,0),(4,'交通',1,0),(5,'中行',5,0),(6,'建行',2,0),(7,'民生',1,0),(8,'北京',9,0),(9,'农商',10,0),(10,'农业',3,0),(11,'邮政',12,0),(12,'人民',7,0),(13,'其它',100,0),(14,'支付宝',1,1),(15,'微信钱包',2,1),(16,'京东余额',3,1),(17,'其它',100,1),(18,'现金',1,2),(20,'其它',1,9),(21,'滴滴',4,1),(22,'平安',5,0),(23,'手环支付宝',5,1);
/*!40000 ALTER TABLE `bank` ENABLE KEYS */;
UNLOCK TABLES;

--
-- Table structure for table `banktype`
--

DROP TABLE IF EXISTS `banktype`;
/*!40101 SET @saved_cs_client     = @@character_set_client */;
/*!40101 SET character_set_client = utf8 */;
CREATE TABLE `banktype` (
  `id` int(10) unsigned NOT NULL AUTO_INCREMENT,
  `name` char(255) DEFAULT NULL,
  `orderd` smallint(5) unsigned DEFAULT NULL,
  `type` tinyint(1) unsigned DEFAULT '0' COMMENT '0：银行卡 1：网络资产 2：现金 9：其它',
  PRIMARY KEY (`id`),
  KEY `type` (`type`)
) ENGINE=InnoDB AUTO_INCREMENT=6 DEFAULT CHARSET=utf8;
/*!40101 SET character_set_client = @saved_cs_client */;

--
-- Dumping data for table `banktype`
--

LOCK TABLES `banktype` WRITE;
/*!40000 ALTER TABLE `banktype` DISABLE KEYS */;
INSERT INTO `banktype` VALUES (1,'现金',4,2),(2,'借记卡',3,0),(3,'信用卡',2,0),(4,'网络资产',1,1),(5,'其它',100,9);
/*!40000 ALTER TABLE `banktype` ENABLE KEYS */;
UNLOCK TABLES;

--
-- Table structure for table `cards`
--

DROP TABLE IF EXISTS `cards`;
/*!40101 SET @saved_cs_client     = @@character_set_client */;
/*!40101 SET character_set_client = utf8 */;
CREATE TABLE `cards` (
  `id` int(10) unsigned NOT NULL AUTO_INCREMENT,
  `num` varchar(255) DEFAULT '',
  `sname` varchar(255) DEFAULT '' COMMENT '别名',
  `memberKey` int(10) unsigned DEFAULT NULL,
  `bankTypeKey` int(10) unsigned DEFAULT NULL,
  `bankKey` int(10) unsigned DEFAULT NULL,
  `cungen` int(15) DEFAULT '0',
  `income` int(15) DEFAULT '0',
  `pay` int(15) DEFAULT '0',
  `yu_e` int(15) DEFAULT '0',
  `validityPeriod` varchar(255) DEFAULT '' COMMENT '有效期',
  `other` text,
  `threeNum` varchar(255) DEFAULT '' COMMENT '卡背三位数',
  `if_show` tinyint(3) unsigned DEFAULT '1' COMMENT '1:show 0:hide',
  PRIMARY KEY (`id`),
  KEY `memberKey_` (`memberKey`),
  KEY `bankTypeKey_` (`bankTypeKey`),
  KEY `bankKey_` (`bankKey`),
  CONSTRAINT `cards_ibfk_1` FOREIGN KEY (`bankKey`) REFERENCES `bank` (`id`),
  CONSTRAINT `cards_ibfk_2` FOREIGN KEY (`bankTypeKey`) REFERENCES `banktype` (`id`),
  CONSTRAINT `cards_ibfk_3` FOREIGN KEY (`memberKey`) REFERENCES `member` (`id`)
) ENGINE=InnoDB AUTO_INCREMENT=23 DEFAULT CHARSET=utf8;
/*!40101 SET character_set_client = @saved_cs_client */;

--
-- Dumping data for table `cards`
--

LOCK TABLES `cards` WRITE;
/*!40000 ALTER TABLE `cards` DISABLE KEYS */;
INSERT INTO `cards` VALUES (1,'6225880162057823','招行卡',2,2,1,0,0,0,0,'','','',0),(2,'6225683721003149608','广发卡',2,2,2,0,0,0,0,'','','',0),(3,'6228480010955518617','农行卡',2,2,10,0,0,0,0,'','','',0),(4,'6217000010026600703','建行卡',2,2,6,0,0,0,0,'','','',1),(5,'6212260200013264748','工行卡',2,2,3,0,0,0,0,'','','',0),(6,'6226220123533332','民生卡',2,2,7,0,0,0,0,'','','',0),(7,'6216610100012633489','中行卡',2,2,5,0,0,0,0,'','','',0),(8,'6210981000009091796','邮政卡',2,2,11,0,0,0,0,'','','',0),(9,'6222600910069077004','交通卡',2,2,4,0,0,0,0,'','','',0),(10,'4392250808857212','招信卡',2,3,1,0,0,0,0,'07/20','','',1),(11,'4581240918395584','交信卡',2,3,4,0,0,0,0,'04/21','','',1),(12,'6258101643917042','广信卡',2,3,2,0,0,0,0,'01/21','','',1),(17,'6212260412000848371','赤城房贷',2,2,3,0,0,0,0,'','','',1),(18,'6222370141709275','车用',2,3,3,0,0,0,0,'12/23','','',1),(19,'6222600910072961673','交通卡[公积金]',3,2,4,0,0,0,0,'','','',0),(20,'6226220136814398','民生卡',3,2,7,0,0,0,0,'12/28','','931',0),(21,'6227521122773384','中信卡',3,3,5,0,0,0,0,'11/25','好像是借记信用两用','125',0),(22,'6210676862122659209','农商卡',2,2,9,0,0,0,0,'11/25','','039',1);
/*!40000 ALTER TABLE `cards` ENABLE KEYS */;
UNLOCK TABLES;

--
-- Table structure for table `in_out`
--

DROP TABLE IF EXISTS `in_out`;
/*!40101 SET @saved_cs_client     = @@character_set_client */;
/*!40101 SET character_set_client = utf8 */;
CREATE TABLE `in_out` (
  `id` int(10) unsigned NOT NULL AUTO_INCREMENT,
  `date_dbCreate` datetime DEFAULT NULL,
  `name` char(255) DEFAULT NULL,
  `type` tinyint(1) unsigned DEFAULT '0' COMMENT '0：支出 1：收入',
  `money` int(15) unsigned DEFAULT '0',
  `intypeKey` int(10) unsigned DEFAULT NULL,
  `memberKey` int(10) unsigned DEFAULT NULL COMMENT '支出时为支出货币的账户，收入时为收入货币的账户',
  `for_from_memberKey` int(10) unsigned DEFAULT NULL COMMENT '当支出时为for who，当收入时为from who',
  `actOn_memberKey` int(10) unsigned DEFAULT NULL,
  `bankTypeKey` int(10) unsigned DEFAULT NULL,
  `bankKey` int(10) unsigned DEFAULT NULL,
  `outtype1Key` int(10) unsigned DEFAULT NULL,
  `outtype2Key` int(10) unsigned DEFAULT NULL,
  `date_sign` date DEFAULT NULL,
  `other` text,
  `dtype` char(255) DEFAULT '',
  `isOughtNotPay` tinyint(4) DEFAULT '0' COMMENT '0:不是额外花费，1:是额外花费',
  PRIMARY KEY (`id`),
  KEY `bankKey` (`bankKey`),
  KEY `bankTypeKey` (`bankTypeKey`),
  KEY `outtype1Key_` (`outtype1Key`),
  KEY `outtype2Key_` (`outtype2Key`),
  KEY `intypeKey_` (`intypeKey`),
  KEY `memberKey` (`memberKey`),
  KEY `actOn_memberKey` (`actOn_memberKey`),
  KEY `for_from_memberKey` (`for_from_memberKey`),
  CONSTRAINT `in_out_ibfk_1` FOREIGN KEY (`actOn_memberKey`) REFERENCES `member` (`id`),
  CONSTRAINT `in_out_ibfk_2` FOREIGN KEY (`bankKey`) REFERENCES `bank` (`id`),
  CONSTRAINT `in_out_ibfk_3` FOREIGN KEY (`bankTypeKey`) REFERENCES `banktype` (`id`),
  CONSTRAINT `in_out_ibfk_4` FOREIGN KEY (`for_from_memberKey`) REFERENCES `member` (`id`),
  CONSTRAINT `in_out_ibfk_5` FOREIGN KEY (`intypeKey`) REFERENCES `intype` (`id`),
  CONSTRAINT `in_out_ibfk_6` FOREIGN KEY (`intypeKey`) REFERENCES `intype` (`id`),
  CONSTRAINT `in_out_ibfk_7` FOREIGN KEY (`memberKey`) REFERENCES `member` (`id`),
  CONSTRAINT `in_out_ibfk_8` FOREIGN KEY (`outtype1Key`) REFERENCES `outtype1` (`id`),
  CONSTRAINT `in_out_ibfk_9` FOREIGN KEY (`outtype2Key`) REFERENCES `outtype2` (`id`)
) ENGINE=InnoDB AUTO_INCREMENT=760 DEFAULT CHARSET=utf8;
/*!40101 SET character_set_client = @saved_cs_client */;

--
-- Dumping data for table `in_out`
--

LOCK TABLES `in_out` WRITE;
/*!40000 ALTER TABLE `in_out` DISABLE KEYS */;
INSERT INTO `in_out` VALUES (1,'2019-01-02 12:57:47','加油',0,270,1,2,1,NULL,1,18,3,40,'2019-01-01','','',0),(2,'2019-01-02 12:58:46','高速',0,5,1,2,1,NULL,4,14,3,41,'2019-01-02','','',0),(3,'2019-01-02 14:31:38','公交充值',0,30,1,2,1,NULL,4,15,3,48,'2019-01-02','','',0),(4,'2019-01-02 21:54:02','烟22+16',0,38,1,2,2,NULL,4,15,1,28,'2019-01-02','','',0),(5,'2019-01-02 21:54:36','零食',0,4,1,2,4,NULL,1,18,1,34,'2019-01-02','','',0),(6,'2019-01-02 21:55:46','酒',0,17,1,2,2,NULL,1,18,1,29,'2019-01-02','','',0),(7,'2019-01-02 21:56:07','香皂',0,6,1,2,1,NULL,1,18,2,9,'2019-01-02','','',0),(8,'2019-01-02 21:56:54','小电池',0,1,1,2,1,NULL,1,18,2,3,'2019-01-02','','',0),(9,'2019-01-02 21:58:56','康保回京车票',0,100,1,3,3,NULL,1,18,3,50,'2019-01-01','','',0),(10,'2019-01-02 21:59:24','伙食费',0,315,1,3,4,NULL,4,15,8,67,'2019-01-01','','',0),(11,'2019-01-02 21:59:48','巧克力',0,4,1,3,1,NULL,4,15,1,34,'2019-01-01','','',0),(12,'2019-01-02 22:00:13','裤子',0,32,1,3,4,NULL,4,15,13,68,'2019-01-01','','',0),(13,'2019-01-02 22:00:34','上衣',0,13,1,3,5,NULL,4,15,13,68,'2019-01-01','','',0),(14,'2019-01-02 22:00:50','棉袄',0,45,1,3,4,NULL,4,15,13,68,'2019-01-01','','',0),(15,'2019-01-02 22:01:30','化妆品',0,459,1,3,3,NULL,4,14,5,75,'2019-01-01','','',0),(17,'2019-01-03 22:12:54','公交充值',0,200,1,3,1,NULL,1,18,3,48,'2019-01-03','','',0),(18,'2019-01-03 22:13:21','早点',0,4,1,3,3,NULL,4,14,1,110,'2019-01-03','','',0),(19,'2019-01-03 22:13:34','晚点',0,44,1,3,3,NULL,4,15,1,112,'2019-01-03','','',0),(20,'2019-01-04 08:58:56','旅游卡',0,340,1,2,1,NULL,4,14,10,56,'2019-01-03','','',0),(21,'2019-01-04 08:59:53','烟',0,89,1,2,2,NULL,4,15,1,28,'2019-01-04','','',0),(22,'2019-01-07 22:05:17','妈看病（看备注）',0,20,1,2,7,NULL,1,18,9,23,'2019-01-04','妈看病记录：\r\n交信卡--已报，删记录\r\n2019-01- 18	7042	妈住院费\r\n2019-01- 04	3000	住院压金\r\n2019-01- 04	250	输液 留置针穿刺\r\n2019-01- 04	161	做CT\r\n2019-01- 04	1003	查血 心电图\r\n现金：\r\n2019-01- 04	70            挂号急诊  （已报入50转圜入交信，花20现金）\r\n微信：\r\n2019-01- 05	94	医院食堂  （已报入94转圜入交信）','2019.1 妈261住院 对公',0),(23,'2019-01-07 22:06:00','停车费5+4+4',0,13,1,2,7,NULL,1,18,9,23,'2019-01-05','','2019.1 妈261住院',0),(29,'2019-01-07 22:11:02','停车费10+4',0,14,1,2,7,NULL,1,18,9,23,'2019-01-07','','2019.1 妈261住院',0),(30,'2019-01-07 22:13:42','早点',0,22,1,2,7,NULL,4,15,9,23,'2019-01-05','','2019.1 妈261住院',0),(31,'2019-01-07 22:15:09','一次性水杯',0,8,1,2,7,NULL,4,15,9,23,'2019-01-05','','',0),(32,'2019-01-07 22:15:54','板面',0,24,1,2,1,NULL,4,15,1,112,'2019-01-05','','',0),(33,'2019-01-07 22:17:47','格格买书10+55.6',0,66,1,2,4,NULL,4,15,8,64,'2019-01-06','','',0),(34,'2019-01-07 22:18:07','早点',0,22,1,2,7,NULL,4,15,9,23,'2019-01-07','','2019.1 妈261住院',0),(35,'2019-01-07 22:19:55','饮料3+4',0,7,1,2,1,NULL,4,14,1,31,'2019-01-06','','',0),(36,'2019-01-07 22:20:15','方便面',0,35,1,2,1,NULL,4,14,1,33,'2019-01-06','','',0),(37,'2019-01-07 22:20:46','高速',0,10,1,2,1,NULL,4,14,3,41,'2019-01-07','','',0),(38,'2019-01-07 22:21:31','晚点',0,70,1,2,1,NULL,4,14,1,112,'2019-01-07','','',0),(39,'2019-01-07 22:25:21','停车费13+1+1',0,15,1,2,7,NULL,1,18,9,23,'2019-01-06','','2019.1 妈261住院',0),(40,'2019-01-07 22:26:54','退货快递',0,10,1,3,1,NULL,4,14,7,89,'2019-01-05','','',0),(41,'2019-01-07 22:27:15','早点',0,8,1,3,3,NULL,4,14,1,110,'2019-01-04','','',0),(42,'2019-01-07 22:27:28','中点',0,22,1,3,7,NULL,4,15,9,23,'2019-01-05','','2019.1 妈261住院',0),(43,'2019-01-07 22:27:53','中点',0,32,1,3,7,NULL,4,15,9,23,'2019-01-06','','2019.1 妈261住院',0),(44,'2019-01-07 22:28:09','早点',0,4,1,3,3,NULL,4,14,1,110,'2019-01-07','','',0),(45,'2019-01-07 22:28:44','糖',0,33,1,3,1,NULL,4,15,1,34,'2019-01-06','','',0),(46,'2019-01-07 22:29:00','水果',0,34,1,3,7,NULL,4,15,9,23,'2019-01-05','','',0),(47,'2019-01-07 22:29:54','蛋糕',0,24,1,3,1,NULL,4,15,1,34,'2019-01-03','','',0),(48,'2019-01-07 22:33:37','公交',0,12,1,3,3,NULL,1,18,3,48,'2019-01-07','','',0),(49,'2019-01-07 22:33:58','洗澡',0,30,1,3,1,NULL,1,18,5,74,'2019-01-06','','',0),(51,'2019-01-08 09:00:11','早点5+6',0,11,1,2,7,NULL,1,18,9,23,'2019-01-08','','2019.1 妈261住院',0),(52,'2019-01-08 10:36:00','base',1,1,15,2,2,NULL,1,18,1,28,'2019-01-01','','',0),(53,'2019-01-08 10:36:20','base wife',1,1,15,3,2,NULL,1,18,1,28,'2019-01-01','','',0),(55,'2019-01-08 22:42:16','停车费3+5+5',0,13,1,2,7,NULL,1,18,9,23,'2019-01-08','','2019.1 妈261住院',0),(56,'2019-01-08 22:45:06','理发',0,20,1,2,2,NULL,4,15,5,74,'2019-01-08','','',0),(57,'2019-01-08 22:45:40','高速',0,10,1,2,1,NULL,4,14,3,41,'2019-01-08','','',0),(58,'2019-01-08 22:46:14','烟',0,39,1,2,2,NULL,4,14,1,28,'2019-01-08','','',0),(59,'2019-01-08 22:47:28','洗澡',0,71,1,2,2,NULL,4,15,5,74,'2019-01-08','','',0),(60,'2019-01-08 22:50:03','现金补差',0,16,1,2,1,NULL,1,18,12,107,'2019-01-08','','',0),(62,'2019-01-09 08:38:47','早点',0,16,1,2,7,NULL,1,18,9,23,'2019-01-09','','2019.1 妈261住院',0),(63,'2019-01-09 19:59:11','停车10+6',0,16,1,2,7,NULL,1,18,9,23,'2019-01-09','','2019.1 妈261住院',0),(64,'2019-01-09 20:01:21','忘了',0,100,1,2,2,NULL,4,15,12,116,'2019-01-08','','',0),(65,'2019-01-09 20:02:38','饮料',0,10,1,2,2,NULL,4,15,1,31,'2019-01-08','','',0),(66,'2019-01-09 20:03:37','格格晚点',0,28,1,2,1,NULL,4,14,1,112,'2019-01-09','','',0),(67,'2019-01-09 20:04:10','除格格外其他人晚点',0,49,1,2,1,NULL,4,14,1,112,'2019-01-09','','',0),(68,'2019-01-09 20:42:35','保险代理费',0,1812,1,2,2,NULL,4,14,11,114,'2019-01-09','','',0),(71,'2019-01-10 19:54:55','停车5+8+6',0,19,1,2,7,NULL,1,18,9,23,'2019-01-10','','2019.1 妈261住院',0),(72,'2019-01-10 23:05:21','工资',1,5823,1,3,2,NULL,2,7,1,28,'2019-01-10','','',0),(74,'2019-01-10 23:17:05','早点',0,4,1,3,3,NULL,4,14,1,110,'2019-01-10','','',0),(75,'2019-01-10 23:17:33','羽绒服',0,300,1,3,2,NULL,4,14,13,68,'2019-01-09','','',0),(76,'2019-01-10 23:17:49','鞋',0,299,1,3,2,NULL,4,14,13,69,'2019-01-09','','',0),(77,'2019-01-10 23:18:27','打底杉',0,86,1,3,3,NULL,4,14,13,68,'2019-01-09','','',0),(78,'2019-01-10 23:18:50','老婆羽绒服',0,376,1,3,3,NULL,4,14,13,68,'2019-01-09','','',0),(79,'2019-01-10 23:19:03','靴子',0,278,1,3,3,NULL,4,14,13,69,'2019-01-09','','',0),(80,'2019-01-10 23:19:27','早点',0,3,1,3,3,NULL,4,14,1,110,'2019-01-09','','',0),(81,'2019-01-10 23:19:42','早点',0,5,1,3,3,NULL,4,14,1,110,'2019-01-08','','',0),(82,'2019-01-10 23:21:51','袜子',0,7,1,3,3,NULL,4,15,13,68,'2019-01-10','','',0),(83,'2019-01-10 23:22:43','内裤',0,37,1,3,3,NULL,2,7,13,68,'2019-01-10','','',0),(84,'2019-01-10 23:23:25','房贷',0,3400,1,3,1,NULL,2,7,2,85,'2019-01-10','','',0),(85,'2019-01-10 23:31:23','晚点15+99-51',0,63,1,3,1,NULL,2,7,1,112,'2019-01-10','','',0),(86,'2019-01-11 09:44:36','手机充值',0,50,1,2,2,NULL,4,14,7,91,'2019-01-11','','',0),(87,'2019-01-11 09:46:49','手机充值',0,100,1,2,2,NULL,3,4,7,91,'2019-01-11','','',0),(88,'2019-01-13 11:04:27','早点',0,11,1,3,3,NULL,4,14,1,110,'2019-01-11','','',0),(89,'2019-01-13 11:04:48','早点',0,17,1,3,1,NULL,4,14,1,110,'2019-01-12','','',0),(90,'2019-01-13 11:05:23','一堆鸡肉',0,43,1,3,1,NULL,4,14,1,112,'2019-01-12','','',0),(91,'2019-01-13 11:06:01','退货快递',0,8,1,3,3,NULL,4,14,7,89,'2019-01-12','','',0),(92,'2019-01-13 11:07:47','蛋糕',0,24,1,3,4,NULL,2,7,1,34,'2019-01-12','','',0),(93,'2019-01-13 11:09:13','妈上衣',0,39,1,3,7,NULL,2,7,9,22,'2019-01-12','','',0),(94,'2019-01-13 11:09:34','裤子',0,30,1,3,7,NULL,2,7,9,21,'2019-01-12','','',0),(95,'2019-01-13 11:09:56','鞋',0,84,1,3,7,NULL,2,7,9,22,'2019-01-12','','',0),(96,'2019-01-13 11:12:27','晚点',0,10,1,2,2,NULL,4,14,1,112,'2019-01-11','','',0),(97,'2019-01-13 11:14:32','午饭',0,27,1,2,1,NULL,4,14,1,111,'2019-01-12','','',0),(98,'2019-01-13 11:15:32','停车费',0,6,1,2,7,NULL,4,15,9,23,'2019-01-12','','2019.1 妈261住院',0),(99,'2019-01-13 11:16:24','4盒烟',0,72,1,2,2,NULL,4,15,1,28,'2019-01-12','','',0),(100,'2019-01-14 13:48:08','板面',0,12,1,2,2,NULL,4,15,1,112,'2019-01-13','','',0),(101,'2019-01-14 13:50:20','高速',0,19,1,2,6,NULL,4,14,3,41,'2019-01-14','','',0),(102,'2019-01-14 21:41:38','枣高',0,22,1,3,1,NULL,2,7,1,34,'2019-01-13','','',0),(103,'2019-01-14 21:42:46','麦当劳',0,14,1,3,1,NULL,2,7,1,112,'2019-01-13','','',0),(104,'2019-01-14 21:43:08','药',0,65,1,3,3,NULL,2,7,5,78,'2019-01-14','','',0),(105,'2019-01-14 21:44:14','食品',0,27,1,3,1,NULL,4,14,1,33,'2019-01-13','','',0),(106,'2019-01-14 21:44:29','早点',0,4,1,3,3,NULL,4,14,1,110,'2019-01-14','','',0),(107,'2019-01-14 21:44:43','鸡肉',0,30,1,3,1,NULL,4,14,1,112,'2019-01-14','','',0),(108,'2019-01-14 21:45:37','汤圆',0,8,1,2,1,NULL,4,15,1,33,'2019-01-14','','',0),(110,'2019-01-17 11:27:44','高速',0,9,1,2,1,NULL,4,14,3,41,'2019-01-16','','',0),(111,'2019-01-17 11:33:17','早点',0,6,1,2,2,NULL,4,15,1,110,'2019-01-15','','',0),(113,'2019-01-17 11:39:02','忘了',0,20,1,2,1,NULL,4,15,12,116,'2019-01-15','','',0),(114,'2019-01-17 11:39:51','停车2+4',0,6,1,2,7,NULL,4,15,9,23,'2019-01-15','','2019.1 妈261住院',0),(115,'2019-01-17 11:40:11','停车2+2',0,4,1,2,7,NULL,4,15,9,23,'2019-01-16','','2019.1 妈261住院',0),(116,'2019-01-17 11:41:04','打印简历',0,3,1,2,2,NULL,4,15,2,8,'2019-01-16','','',0),(117,'2019-01-17 11:41:50','格格中点',0,9,1,2,4,NULL,4,15,1,111,'2019-01-16','','',0),(119,'2019-01-17 11:42:19','烟',0,51,1,2,2,NULL,4,15,1,28,'2019-01-17','','',0),(120,'2019-01-17 11:49:16','加油',0,280,1,2,1,NULL,3,4,3,40,'2019-01-13','','',0),(121,'2019-01-17 12:51:28','给爸买衣服',0,257,1,2,6,NULL,3,4,9,21,'2019-01-17','','',0),(122,'2019-01-18 21:09:17','烟',0,36,1,2,2,NULL,4,15,1,28,'2019-01-18','','',0),(123,'2019-01-18 21:09:32','停车',0,3,1,2,7,NULL,4,15,9,23,'2019-01-18','','2019.1 妈261住院',0),(125,'2019-01-19 08:25:35','给家人买鞋',0,143,1,3,8,NULL,2,7,9,21,'2019-01-15','','',0),(126,'2019-01-19 08:25:53','打车',0,14,1,3,3,NULL,2,7,3,49,'2019-01-18','','',0),(127,'2019-01-19 08:27:05','早点',0,4,1,3,3,NULL,4,14,1,110,'2019-01-15','','',0),(128,'2019-01-19 08:27:40','早点',0,6,1,3,3,NULL,4,14,1,110,'2019-01-16','','',0),(129,'2019-01-19 08:29:33','早点',0,3,1,3,3,NULL,4,14,1,110,'2019-01-17','','',0),(130,'2019-01-19 08:30:03','早点',0,4,1,3,3,NULL,4,14,1,110,'2019-01-18','','',0),(131,'2019-01-19 08:30:40','单次乘地铁',0,5,1,3,3,NULL,1,18,3,48,'2019-01-18','','',0),(132,'2019-01-22 16:52:46','高速',0,10,1,2,1,NULL,3,4,3,41,'2019-01-19','','',0),(133,'2019-01-22 16:54:35','洗澡',0,189,1,2,2,NULL,4,15,5,74,'2019-01-21','','',0),(134,'2019-01-22 16:54:54','烟',0,24,1,2,2,NULL,1,18,1,28,'2019-01-21','','',0),(135,'2019-01-22 16:55:13','晚饭',0,18,1,2,2,NULL,1,18,1,112,'2019-01-21','','',0),(137,'2019-01-22 16:56:09','给妈买衣服',0,408,1,2,7,NULL,3,4,9,21,'2019-01-22','','',0),(138,'2019-01-22 16:56:34','老大鞋',0,74,1,2,4,NULL,3,4,13,69,'2019-01-22','','',0),(139,'2019-01-22 16:56:56','老二鞋',0,79,1,2,5,NULL,3,4,13,69,'2019-01-22','','',0),(140,'2019-01-22 16:57:17','老大裤子',0,85,1,2,4,NULL,3,4,13,68,'2019-01-22','','',0),(141,'2019-01-22 16:58:21','车载剃须刀',0,128,1,2,2,NULL,3,4,3,37,'2019-01-22','','',0),(142,'2019-01-22 16:58:45','水果-草莓',0,22,1,2,4,NULL,1,18,1,35,'2019-01-22','','',0),(143,'2019-01-22 16:59:18','退鞋补运费',0,10,1,2,6,NULL,4,14,9,21,'2019-01-22','','',0),(144,'2019-01-22 20:16:48','学习机',0,439,1,2,4,NULL,3,4,8,66,'2019-01-22','','',0),(145,'2019-01-24 08:40:59','加油',0,250,1,2,1,NULL,4,15,3,40,'2019-01-23','','',0),(146,'2019-01-24 08:41:18','红牛',0,6,1,2,1,NULL,4,15,1,31,'2019-01-23','','',0),(147,'2019-01-24 08:42:14','烟',0,37,1,2,2,NULL,4,15,1,28,'2019-01-23','','',0),(148,'2019-01-24 08:42:31','中饭',0,37,1,2,1,NULL,4,15,1,111,'2019-01-23','','',0),(149,'2019-01-24 08:44:26','给妈打印报销',0,6,1,2,7,NULL,4,15,9,27,'2019-01-23','','',0),(150,'2019-01-24 08:45:08','格格零食',0,2,1,2,4,NULL,1,18,1,34,'2019-01-23','','',0),(151,'2019-01-27 21:59:32','烟',0,46,1,2,2,NULL,1,18,1,28,'2019-01-24','','',0),(152,'2019-01-27 22:00:16','买饭',0,17,1,2,1,NULL,1,18,1,111,'2019-01-24','','',0),(153,'2019-01-27 22:00:46','早点11+6',0,17,1,2,1,NULL,4,15,1,110,'2019-01-24','','',0),(154,'2019-01-27 22:01:04','洗车',0,30,1,2,1,NULL,1,18,3,115,'2019-01-26','','',0),(155,'2019-01-27 22:01:24','烟',0,230,1,2,2,NULL,1,18,1,28,'2019-01-26','','',0),(157,'2019-01-27 22:07:26','高速',0,24,1,2,1,NULL,4,14,3,41,'2019-01-24','','',0),(158,'2019-01-27 22:07:47','高速',0,14,1,2,1,NULL,4,14,3,41,'2019-01-25','','',0),(159,'2019-01-27 22:08:30','加油',0,310,1,2,1,NULL,1,18,3,40,'2019-01-27','','',0),(160,'2019-01-27 22:09:21','给姥姥',0,400,1,2,16,NULL,1,18,9,20,'2019-01-27','','',0),(161,'2019-01-27 22:11:01','妈给300',1,300,4,2,2,NULL,1,18,1,28,'2019-01-24','','',0),(162,'2019-01-27 22:15:37','给妻奶买点心',0,175,1,2,12,NULL,3,4,9,21,'2019-01-27','','',0),(163,'2019-01-27 22:16:09','妈买东西转圜多给',1,12,4,2,2,NULL,1,18,1,28,'2019-01-27','','',0),(164,'2019-01-27 22:31:18','蛋糕',0,12,1,3,1,NULL,2,7,1,34,'2019-01-20','','',0),(165,'2019-01-27 22:32:02','充手机',0,100,1,3,12,NULL,2,7,9,21,'2019-01-21','','',0),(166,'2019-01-27 22:32:24','充手机',0,100,1,3,8,NULL,2,7,9,21,'2019-01-21','','',0),(167,'2019-01-27 22:33:58','洗头高',0,12,1,3,1,NULL,2,7,2,9,'2019-01-21','','',0),(168,'2019-01-27 22:34:36','蛋糕',0,24,1,3,1,NULL,2,7,1,34,'2019-01-22','','',0),(169,'2019-01-27 22:35:15','豆腐干',0,13,1,3,1,NULL,2,7,1,34,'2019-01-22','','',0),(170,'2019-01-27 22:35:31','糖',0,12,1,3,1,NULL,2,7,1,34,'2019-01-22','','',0),(171,'2019-01-27 22:36:00','杏核',0,25,1,3,1,NULL,2,7,1,34,'2019-01-22','','',0),(172,'2019-01-27 22:36:25','榛子',0,27,1,3,1,NULL,2,7,1,34,'2019-01-22','','',0),(173,'2019-01-27 22:37:04','必根果',0,31,1,3,1,NULL,2,7,1,34,'2019-01-22','','',0),(174,'2019-01-27 22:37:36','腰果',0,29,1,3,1,NULL,2,7,1,34,'2019-01-23','','',0),(175,'2019-01-27 22:38:05','花生',0,8,1,3,1,NULL,2,7,1,34,'2019-01-23','','',0),(176,'2019-01-27 22:38:35','手抓饼',0,22,1,3,1,NULL,2,7,1,33,'2019-01-23','','',0),(177,'2019-01-27 22:39:06','火腿肠',0,24,1,3,1,NULL,2,7,1,34,'2019-01-23','','',0),(178,'2019-01-27 22:39:40','8担木',0,32,1,3,1,NULL,2,7,1,34,'2019-01-25','','',0),(179,'2019-01-27 22:40:00','火腿肠',0,13,1,3,1,NULL,2,7,1,34,'2019-01-25','','',0),(180,'2019-01-27 22:40:43','夏威夷果',0,24,1,3,1,NULL,2,7,1,34,'2019-01-25','','',0),(181,'2019-01-27 22:41:19','炸鸡',0,30,1,3,3,NULL,2,7,1,112,'2019-01-25','','',0),(182,'2019-01-27 22:41:56','饮料',0,6,1,3,3,NULL,2,7,1,31,'2019-01-25','','',0),(183,'2019-01-27 22:42:33','早点',0,3,1,3,3,NULL,2,7,1,110,'2019-01-26','','',0),(184,'2019-01-27 22:43:17','车票',0,35,1,3,3,NULL,2,7,3,50,'2019-01-26','','',0),(185,'2019-01-27 22:44:33','火车票',0,30,1,3,3,NULL,4,14,3,50,'2019-01-26','','',0),(186,'2019-01-27 22:45:04','苹果',0,30,1,3,1,NULL,2,7,1,35,'2019-01-27','','',0),(187,'2019-01-27 22:45:23','晚饭',0,24,1,3,1,NULL,2,7,1,112,'2019-01-27','','',0),(188,'2019-01-27 22:45:50','打车',0,50,1,3,3,NULL,1,18,3,49,'2019-01-26','','',0),(189,'2019-01-27 22:46:07','买吃的',0,155,1,3,8,NULL,1,18,9,21,'2019-01-26','','',0),(190,'2019-01-27 22:46:45','买公交卡',0,100,1,3,3,NULL,1,18,3,48,'2019-01-25','','',0),(191,'2019-01-27 22:47:09','牛肉',0,150,1,3,1,NULL,4,14,1,33,'2019-01-27','','',0),(192,'2019-01-27 22:47:52','充手机电',0,4,1,3,3,NULL,4,14,2,19,'2019-01-26','','',0),(193,'2019-01-27 22:48:32','地铁5+5',0,10,1,3,3,NULL,4,14,3,48,'2019-01-25','','',0),(194,'2019-01-27 22:48:46','早点',0,4,1,3,3,NULL,4,14,1,110,'2019-01-25','','',0),(195,'2019-01-27 22:49:29','地铁',0,10,1,3,3,NULL,4,14,3,48,'2019-01-24','','',0),(196,'2019-01-27 22:49:54','中点',0,20,1,3,3,NULL,4,14,1,111,'2019-01-24','','',0),(197,'2019-01-27 22:50:38','地铁',0,10,1,3,3,NULL,4,14,3,48,'2019-01-23','','',0),(198,'2019-01-27 22:50:54','中点',0,15,1,3,3,NULL,4,14,1,111,'2019-01-23','','',0),(199,'2019-01-27 22:51:40','退火车票扣款',0,2,1,3,3,NULL,4,14,12,108,'2019-01-23','','',0),(200,'2019-01-27 22:51:56','地铁',0,8,1,3,3,NULL,4,14,3,48,'2019-01-22','','',0),(201,'2019-01-27 22:52:10','早点',0,6,1,3,3,NULL,4,14,1,110,'2019-01-22','','',0),(202,'2019-01-27 22:53:26','地铁',0,8,1,3,3,NULL,4,14,3,48,'2019-01-21','','',0),(203,'2019-01-27 22:54:05','爱奇艺',0,19,1,3,3,NULL,4,14,7,93,'2019-01-21','','',0),(204,'2019-01-27 22:54:52','早点',0,3,1,3,3,NULL,4,14,1,110,'2019-01-21','','',0),(205,'2019-01-27 22:55:36','过年费',1,3390,6,3,2,NULL,2,7,1,28,'2019-01-25','','',0),(206,'2019-01-29 17:42:53','停车证',0,200,1,2,1,NULL,1,18,3,47,'2019-01-29','','',0),(207,'2019-01-29 17:46:02','保养',0,583,1,2,1,NULL,3,4,3,39,'2019-01-29','','',0),(208,'2019-01-29 17:47:47','汤圆+鸡蛋',0,20,1,2,1,NULL,3,4,1,33,'2019-01-29','','',0),(209,'2019-01-29 18:07:35','交信卡客服补钱',1,50,4,2,2,NULL,3,4,1,28,'2019-01-22','','',0),(210,'2019-01-29 18:08:28','高速',0,91,1,2,1,NULL,4,14,3,41,'2019-01-28','','',0),(211,'2019-01-29 22:26:32','文具',0,65,1,2,1,NULL,4,15,8,66,'2019-01-29','','',0),(212,'2019-01-29 22:27:36','零食',0,45,1,3,1,NULL,2,7,1,34,'2019-01-25','','',0),(213,'2019-01-29 22:28:02','零食',0,32,1,3,1,NULL,2,7,1,34,'2019-01-29','','',0),(214,'2019-01-29 22:29:04','炸鸡',0,45,1,3,1,NULL,2,7,1,112,'2019-01-29','','',0),(215,'2019-01-29 22:29:19','中点',0,13,1,3,3,NULL,2,7,1,111,'2019-01-29','','',0),(216,'2019-01-29 22:30:36','地铁',0,10,1,3,3,NULL,4,14,3,48,'2019-01-29','','',0),(217,'2019-01-29 22:31:01','包包',0,289,1,3,3,NULL,4,14,13,70,'2019-01-29','','',0),(218,'2019-01-29 22:31:21','早点',0,4,1,3,3,NULL,4,14,1,110,'2019-01-29','','',0),(219,'2019-01-29 22:31:46','地铁',0,10,1,3,3,NULL,4,14,3,48,'2019-01-29','','',0),(220,'2019-01-29 22:48:26','超市年货',0,395,1,3,1,NULL,3,22,1,33,'2019-01-29','','',0),(221,'2019-01-29 22:52:25','补差',0,28,1,3,3,NULL,2,7,12,107,'2019-01-29','','',0),(222,'2019-02-01 10:09:40','洗羽绒服',0,40,1,2,2,NULL,4,15,2,7,'2019-01-31','','',0),(223,'2019-02-01 10:10:27','给妈打印病历16+停车1+身份证复印4',0,21,1,2,7,NULL,1,18,9,23,'2019-01-31','','',0),(224,'2019-02-01 10:14:39','年货',0,165,1,2,1,NULL,3,4,1,33,'2019-01-31','','',0),(225,'2019-02-01 10:27:22','肯德鸡',0,116,1,3,1,NULL,2,7,1,112,'2019-01-31','','',0),(226,'2019-02-01 10:27:45','游乐场',0,135,1,3,1,NULL,2,7,4,57,'2019-01-31','','',0),(227,'2019-02-01 10:28:00','早点',0,7,1,3,3,NULL,4,14,1,110,'2019-01-31','','',0),(228,'2019-02-01 10:28:22','地铁',0,10,1,3,3,NULL,4,14,3,48,'2019-01-31','','',0),(229,'2019-02-01 10:28:53','地铁',0,10,1,3,3,NULL,4,14,3,48,'2019-01-30','','',0),(230,'2019-02-01 15:05:44','高速',0,5,1,2,1,NULL,4,14,3,41,'2019-02-01','','',0),(231,'2019-02-01 15:06:13','翻墙充值',0,30,1,2,2,NULL,4,15,7,94,'2019-02-01','','',0),(232,'2019-02-01 21:24:14','洗澡',0,74,1,2,2,NULL,1,18,5,74,'2019-02-01','','',0),(233,'2019-02-01 21:24:49','他们娘三洗澡',0,40,1,3,1,NULL,1,18,5,74,'2019-02-01','','',0),(234,'2019-02-03 10:37:10','年货',0,275,1,2,1,NULL,3,4,1,34,'2019-02-02','','',0),(235,'2019-02-03 10:41:56','年货-烟',0,660,1,2,2,NULL,3,4,1,28,'2019-02-02','','',0),(236,'2019-02-03 10:45:04','爸车票贴入',0,10,1,2,6,NULL,3,4,9,21,'2019-02-01','','',0),(237,'2019-02-03 10:47:07','给格格充手机费',0,10,1,2,4,NULL,4,14,7,91,'2019-02-02','','',0),(238,'2019-02-03 10:48:12','爸给两孩子压岁钱',1,400,4,2,2,NULL,1,18,1,28,'2019-02-02','','',0),(239,'2019-02-03 10:50:29','充手机费',0,100,1,3,3,NULL,2,7,7,91,'2019-02-02','','',0),(240,'2019-02-03 19:56:28','水',0,6,1,3,5,NULL,2,7,1,31,'2019-02-03','','',0),(241,'2019-02-03 19:56:45','零食',0,28,1,3,1,NULL,2,7,1,34,'2019-02-03','','',0),(242,'2019-02-03 19:58:08','加油',0,285,1,3,1,NULL,3,22,3,40,'2019-02-03','','',0),(243,'2019-02-03 19:58:42','彩票',0,6,1,2,1,NULL,1,18,7,94,'2019-02-03','','',0),(244,'2019-02-03 19:59:00','水',0,5,1,2,4,NULL,1,18,1,31,'2019-02-03','','',0),(246,'2019-02-03 20:01:21','高速',0,10,1,2,1,NULL,4,14,3,41,'2019-02-03','','',0),(247,'2019-02-05 08:51:58','锅刷子*2',0,17,1,2,1,NULL,1,18,2,9,'2019-02-04','','',0),(248,'2019-02-05 09:00:09','高速',0,19,1,2,1,NULL,4,14,3,41,'2019-02-04','','',0),(249,'2019-02-05 09:20:12','停车',0,10,1,2,1,NULL,1,18,3,42,'2019-02-03','','',0),(250,'2019-02-05 11:24:09','她姑给两孩子压岁钱',1,400,4,2,2,NULL,4,15,1,28,'2019-02-05','','',0),(251,'2019-02-06 20:48:41','孩子玩具--蛇',0,10,1,2,4,NULL,1,18,4,113,'2019-02-05','','',0),(252,'2019-02-06 20:49:25','家具小物',0,42,1,2,1,NULL,1,18,2,3,'2019-02-06','','',0),(253,'2019-02-06 21:24:53','保险代理',0,1812,1,2,2,NULL,2,6,11,114,'2019-02-06','','',0),(254,'2019-02-07 20:43:09','棉花糖',0,20,1,2,1,NULL,1,18,1,34,'2019-02-07','','',0),(255,'2019-02-07 20:44:13','vr体验馆',0,90,1,2,1,NULL,1,18,4,57,'2019-02-07','','',0),(256,'2019-02-07 20:44:39','停车费',0,20,1,2,1,NULL,1,18,3,42,'2019-02-07','','',0),(257,'2019-02-07 20:45:31','大薯片',0,25,1,2,1,NULL,1,18,1,34,'2019-02-07','','',0),(258,'2019-02-07 20:59:27','给郝旭压岁钱',0,300,1,2,10,NULL,4,14,9,20,'2019-02-05','','',0),(259,'2019-02-07 21:02:37','石景山游乐园门票',0,25,1,2,1,NULL,1,18,4,57,'2019-02-07','','',0),(260,'2019-02-07 21:11:35','摩天轮+旋转飞鸟',0,145,1,3,1,NULL,2,7,4,57,'2019-02-07','','',0),(261,'2019-02-07 21:12:24','超市',0,16,1,3,1,NULL,2,7,1,33,'2019-02-05','','',0),(262,'2019-02-07 21:14:09','遥遥车',0,2,1,3,5,NULL,1,18,4,59,'2019-02-05','','',0),(263,'2019-02-07 21:15:25','抢红包',1,132,10,3,2,NULL,4,15,1,28,'2019-02-05','','',0),(264,'2019-02-07 21:20:35','忘了',0,10,1,2,1,NULL,1,18,12,116,'2019-02-07','','',0),(265,'2019-02-11 21:02:00','水果',0,39,1,3,1,NULL,2,7,1,35,'2019-02-08','','',0),(266,'2019-02-11 21:04:06','回家看望-岳父',0,170,1,3,8,NULL,1,18,9,21,'2019-02-09','','',0),(267,'2019-02-11 21:04:31','回家看望',0,170,1,3,6,NULL,1,18,9,21,'2019-02-09','','',0),(268,'2019-02-11 21:05:13','孩子压岁钱',1,600,4,3,2,NULL,1,18,1,28,'2019-02-09','','',0),(269,'2019-02-11 21:05:26','地铁',0,10,1,3,3,NULL,4,14,3,48,'2019-02-11','','',0),(270,'2019-02-11 21:05:52','加油',0,260,1,3,1,NULL,1,18,3,40,'2019-02-11','','',0),(271,'2019-02-11 21:08:24','加油',0,246,1,2,1,NULL,3,4,3,40,'2019-02-09','','',0),(272,'2019-02-11 21:09:13','红牛',0,10,1,2,1,NULL,1,18,1,31,'2019-02-09','','',0),(273,'2019-02-11 21:10:01','红牛',0,6,1,2,1,NULL,1,18,1,31,'2019-02-10','','',0),(274,'2019-02-11 21:10:36','柿饼子',0,20,1,3,1,NULL,1,18,1,35,'2019-02-10','','',0),(275,'2019-02-11 21:12:58','老家房租',1,8600,9,2,2,NULL,4,15,1,28,'2019-02-11','','',0),(276,'2019-02-12 17:03:43','京东买xx',0,84,1,2,1,NULL,4,15,5,76,'2019-02-12','','',0),(277,'2019-02-12 17:05:15','高速',0,9,1,2,1,NULL,4,14,3,41,'2019-02-12','','',0),(278,'2019-02-12 17:11:50','好享贷手续费 85*6',0,511,1,2,1,NULL,2,6,11,82,'2019-02-12','','',0),(279,'2019-02-12 18:46:12','微信两笔提现手续费7.62',0,7,1,2,1,NULL,4,15,11,82,'2019-02-12','','',0),(280,'2019-02-12 18:47:48','电费',0,428,1,2,1,NULL,4,15,2,13,'2019-02-12','','',0),(281,'2019-02-12 21:30:52','中点',0,28,1,3,3,NULL,4,15,1,111,'2019-02-12','','',0),(282,'2019-02-12 21:31:20','超市',0,45,1,3,1,NULL,4,15,1,33,'2019-02-12','','',0),(283,'2019-02-12 21:31:34','地铁',0,10,1,3,3,NULL,4,14,3,48,'2019-02-12','','',0),(284,'2019-02-14 08:17:41','过年给奶奶',0,100,1,2,11,NULL,4,15,9,20,'2019-02-13','','',0),(285,'2019-02-14 21:23:30','超市',0,59,1,3,1,NULL,4,15,1,33,'2019-02-14','','',0),(286,'2019-02-14 21:25:30','地铁',0,10,1,3,3,NULL,4,14,3,48,'2019-02-14','','',0),(287,'2019-02-14 21:25:46','早点',0,6,1,3,3,NULL,4,14,1,110,'2019-02-14','','',0),(288,'2019-02-14 21:26:00','地铁',0,10,1,3,3,NULL,4,14,3,48,'2019-02-13','','',0),(289,'2019-02-14 21:27:56','王码五笔购买',0,10,1,2,1,NULL,4,15,7,119,'2019-02-14','','',0),(290,'2019-02-15 20:40:35','地铁',0,10,1,3,3,NULL,4,14,3,48,'2019-02-15','','',0),(291,'2019-02-15 20:42:04','房贷',0,3400,1,3,1,NULL,2,7,2,85,'2019-02-15','','',0),(292,'2019-02-15 20:42:49','老婆工资',1,4949,1,3,2,NULL,2,7,1,28,'2019-02-15','','',0),(293,'2019-02-17 15:36:52','红薯',0,10,1,3,1,NULL,4,15,1,33,'2019-02-17','','',0),(294,'2019-02-17 15:38:21','蔬菜',0,41,1,3,1,NULL,4,15,1,33,'2019-02-17','','',0),(295,'2019-02-17 15:39:12','超市',0,104,1,3,1,NULL,4,14,1,34,'2019-02-17','','',0),(296,'2019-02-17 15:39:41','洗衣服',0,45,1,3,3,NULL,4,14,2,16,'2019-02-17','','',0),(297,'2019-02-17 16:06:41','洗澡',0,189,1,2,2,NULL,1,18,5,74,'2019-02-16','','',0),(298,'2019-02-20 20:55:07','共享单车',0,2,1,2,2,NULL,4,15,3,49,'2019-02-19','','',0),(299,'2019-02-20 20:55:40','早点+纸巾',0,13,1,2,2,NULL,4,15,1,110,'2019-02-19','','',0),(300,'2019-02-20 20:56:13','买书140+224',0,364,1,2,2,NULL,4,15,8,64,'2019-02-19','','',0),(301,'2019-02-20 20:56:32','中点',0,26,1,2,2,NULL,4,15,1,111,'2019-02-19','','',0),(302,'2019-02-20 20:57:05','买笔记本',0,17,1,2,2,NULL,4,15,8,66,'2019-02-19','','',0),(303,'2019-02-20 20:58:18','马桶垫',0,6,1,3,1,NULL,4,15,2,9,'2019-02-17','','',0),(304,'2019-02-20 20:59:03','棉签',0,7,1,3,1,NULL,4,15,2,3,'2019-02-17','','',0),(305,'2019-02-20 20:59:34','抽纸',0,33,1,3,1,NULL,2,7,2,3,'2019-02-17','','',0),(306,'2019-02-20 20:59:51','饼',0,18,1,3,1,NULL,4,15,1,33,'2019-02-20','','',0),(307,'2019-02-20 21:00:04','馒头',0,22,1,3,1,NULL,4,15,1,33,'2019-02-20','','',0),(308,'2019-02-20 21:02:48','地铁',0,10,1,3,3,NULL,4,14,3,48,'2019-02-18','','',0),(309,'2019-02-20 21:03:01','地铁',0,9,1,3,3,NULL,4,14,3,48,'2019-02-19','','',0),(310,'2019-02-20 21:03:15','地铁',0,10,1,3,3,NULL,4,14,3,48,'2019-02-20','','',0),(311,'2019-02-20 21:04:42','午饭',0,17,1,3,3,NULL,4,15,1,111,'2019-02-20','','',0),(312,'2019-02-21 20:31:08','晚饭',0,29,1,3,3,NULL,4,15,1,112,'2019-02-21','','',0),(313,'2019-02-21 20:31:26','桔子',0,10,1,3,3,NULL,4,15,1,35,'2019-02-21','','',0),(314,'2019-02-21 20:31:43','理发',0,38,1,2,2,NULL,4,15,5,74,'2019-02-21','','',0),(315,'2019-02-21 20:33:57','红牛等',0,29,1,3,1,NULL,4,14,1,34,'2019-02-21','','',0),(316,'2019-02-21 20:34:19','地铁',0,10,1,3,3,NULL,4,14,3,48,'2019-02-21','','',0),(317,'2019-02-23 18:33:13','煎饼',0,6,1,2,2,NULL,4,15,1,110,'2019-02-22','','',0),(320,'2019-02-23 18:35:59','加油',0,225,1,2,1,NULL,3,4,3,40,'2019-02-22','','',0),(323,'2019-02-23 18:38:15','住店',0,120,1,2,1,NULL,3,4,10,55,'2019-02-22','','',0),(324,'2019-02-23 18:39:42','吃饭',0,26,1,2,2,NULL,1,18,1,112,'2019-02-22','','',0),(325,'2019-02-23 18:40:12','出行买吃的',0,19,1,2,1,NULL,1,18,1,34,'2019-02-23','','',0),(326,'2019-02-23 18:41:06','在康保买馒头花卷',0,18,1,2,1,NULL,1,18,1,33,'2019-02-23','','',0),(327,'2019-02-23 18:41:33','在康保买花卷',0,15,1,2,1,NULL,1,18,1,33,'2019-02-23','','',0),(328,'2019-02-23 18:41:52','洗车',0,25,1,2,1,NULL,1,18,3,115,'2019-02-23','','',0),(329,'2019-02-23 18:42:22','加油',0,200,1,2,1,NULL,3,4,3,40,'2019-02-23','','',0),(330,'2019-02-23 18:43:26','高速',0,5,1,2,1,NULL,4,14,3,41,'2019-02-22','','',0),(331,'2019-02-23 18:43:45','高速',0,38,1,2,1,NULL,3,4,3,41,'2019-02-23','','',0),(332,'2019-02-23 18:46:31','板面',0,27,1,2,1,NULL,1,18,1,112,'2019-02-23','','',0),(333,'2019-02-23 18:48:37','充手机',0,95,1,3,3,NULL,4,15,7,91,'2019-02-22','','',0),(334,'2019-02-23 18:49:17','火腿肠',0,25,1,3,3,NULL,4,15,1,33,'2019-02-21','','',0),(335,'2019-02-23 18:49:56','午饭',0,14,1,3,3,NULL,4,15,1,111,'2019-02-22','','',0),(336,'2019-02-23 18:50:20','鸡枊',0,26,1,3,1,NULL,4,15,1,34,'2019-02-23','','',0),(337,'2019-02-23 18:50:33','花生',0,10,1,3,1,NULL,4,15,1,34,'2019-02-23','','',0),(338,'2019-02-23 18:50:46','桔子',0,10,1,3,1,NULL,4,15,1,35,'2019-02-23','','',0),(339,'2019-02-23 18:51:00','菜',0,14,1,3,1,NULL,4,15,1,33,'2019-02-23','','',0),(340,'2019-02-23 18:52:04','地铁',0,13,1,3,3,NULL,4,14,3,48,'2019-02-22','','',0),(341,'2019-02-23 18:53:42','微信 任务佣金',1,11,15,3,2,NULL,4,15,1,28,'2019-02-23','','',0),(342,'2019-02-24 20:13:20','高速',0,91,1,2,1,NULL,3,4,3,41,'2019-02-24','','',0),(343,'2019-02-24 20:16:17','格格学习用具+本',0,29,1,2,4,NULL,1,18,8,66,'2019-02-24','','',0),(344,'2019-02-24 20:17:29','格格在姥家花',0,3,1,4,4,NULL,1,18,1,34,'2019-02-20','','',0),(345,'2019-02-24 20:18:30','洗澡',0,30,1,3,1,NULL,1,18,5,74,'2019-02-24','','',0),(346,'2019-02-25 14:31:21','办联通手机卡',0,200,1,2,2,NULL,3,4,7,91,'2019-02-25','','',0),(347,'2019-02-25 14:31:44','爸给',1,3500,4,2,2,NULL,1,18,1,28,'2019-02-25','','',0),(348,'2019-02-25 20:41:02','电视遥控',0,19,1,2,1,NULL,3,4,6,99,'2019-02-24','','',0),(349,'2019-02-25 21:30:03','饭盒',0,25,1,3,3,NULL,4,15,2,9,'2019-02-24','','',0),(350,'2019-02-25 21:30:19','午饭',0,13,1,3,3,NULL,4,15,1,111,'2019-02-25','','',0),(351,'2019-02-25 21:30:32','桂圆',0,19,1,3,1,NULL,4,15,1,35,'2019-02-25','','',0),(352,'2019-02-25 21:30:52','地铁',0,8,1,3,3,NULL,4,14,3,48,'2019-02-25','','',0),(353,'2019-02-26 08:41:17','烟',0,64,1,2,2,NULL,1,18,1,28,'2019-02-25','','',0),(354,'2019-02-26 08:41:47','孩子文具等',0,6,1,2,4,NULL,1,18,8,66,'2019-02-26','','',0),(355,'2019-02-26 16:25:45','本+本皮',0,4,1,2,4,NULL,1,18,8,66,'2019-02-26','','',0),(356,'2019-02-26 16:26:21','草莓',0,18,1,2,4,NULL,1,18,1,35,'2019-02-26','','',0),(357,'2019-02-26 16:26:44','葱',0,2,1,2,1,NULL,1,18,1,33,'2019-02-26','','',0),(358,'2019-02-26 16:29:48','孩子昨天今天要钱1+1花',0,2,1,4,4,NULL,1,18,1,34,'2019-02-25','','',0),(359,'2019-02-26 21:21:04','高速',0,5,1,2,1,NULL,4,14,3,41,'2019-02-26','','',0),(360,'2019-02-27 16:46:42','格格要2',0,2,1,4,4,NULL,1,18,1,34,'2019-02-26','','',0),(361,'2019-02-27 16:47:23','格格文具',0,12,1,2,4,NULL,1,18,8,66,'2019-02-27','','',0),(362,'2019-02-27 16:48:11','西红柿+豆角',0,35,1,2,1,NULL,1,18,1,33,'2019-02-27','','',0),(363,'2019-02-27 16:48:31','香焦',0,12,1,2,1,NULL,1,18,1,35,'2019-02-27','','',0),(364,'2019-02-28 20:59:06','停车证',0,200,1,2,1,NULL,1,18,3,47,'2019-02-28','','',0),(365,'2019-02-28 21:00:10','鸡蛋',0,6,1,2,1,NULL,1,18,1,33,'2019-02-28','','',0),(366,'2019-02-28 21:02:49','给格格',0,1,1,4,4,NULL,1,18,1,34,'2019-02-28','','',0),(367,'2019-02-28 21:04:20','鸡架',0,30,1,3,1,NULL,4,15,1,33,'2019-02-26','','',0),(368,'2019-02-28 21:04:39','面包',0,28,1,3,1,NULL,4,15,1,33,'2019-02-26','','',0),(369,'2019-02-28 21:05:35','地铁',0,8,1,3,3,NULL,4,14,3,48,'2019-02-26','','',0),(370,'2019-02-28 21:05:49','地铁',0,8,1,3,3,NULL,4,14,3,48,'2019-02-27','','',0),(371,'2019-02-28 21:06:00','地铁',0,8,1,3,3,NULL,4,14,3,48,'2019-02-28','','',0),(372,'2019-02-28 21:06:18','天猫超市',0,89,1,3,1,NULL,4,14,1,33,'2019-02-28','','',0),(373,'2019-02-28 21:13:59','私活上半部分',1,800,2,2,2,NULL,4,14,1,28,'2019-02-27','','',0),(374,'2019-03-01 21:29:52','烟',0,62,1,2,2,NULL,1,18,1,28,'2019-03-01','','',0),(375,'2019-03-01 21:34:36','格格零花',0,2,1,4,4,NULL,1,18,1,34,'2019-02-28','','',0),(376,'2019-03-01 21:35:24','格格的衣服',0,72,1,3,4,NULL,4,15,13,68,'2019-03-01','','',0),(377,'2019-03-01 21:35:40','地铁',0,10,1,3,3,NULL,4,14,3,48,'2019-03-01','','',0),(378,'2019-03-01 21:35:59','早点',0,4,1,3,3,NULL,4,14,1,110,'2019-03-01','','',0),(379,'2019-03-02 19:55:01','老大伙食费',0,60,1,3,4,NULL,4,15,8,118,'2019-03-01','','',0),(380,'2019-03-02 19:55:29','糖',0,18,1,3,1,NULL,4,15,1,34,'2019-03-02','','',0),(381,'2019-03-02 19:57:02','给妈充手机',0,100,1,3,9,NULL,4,14,9,21,'2019-03-02','','',0),(383,'2019-03-03 18:18:16','私活下半部分',1,1200,2,2,2,NULL,4,14,1,28,'2019-03-03','','',0),(384,'2019-03-03 18:19:27','午饭',0,22,1,2,4,NULL,1,18,1,111,'2019-03-03','','',0),(385,'2019-03-03 18:20:23','板面',0,24,1,2,1,NULL,4,14,1,111,'2019-03-03','','',0),(386,'2019-03-03 18:20:49','大白菜',0,3,1,2,1,NULL,1,18,1,33,'2019-03-03','','',0),(387,'2019-03-03 18:21:18','雪糕',0,5,1,2,1,NULL,4,14,1,34,'2019-03-03','','',0),(388,'2019-03-03 18:22:23','饮料',0,10,1,2,1,NULL,4,14,1,31,'2019-03-03','','',0),(389,'2019-03-03 18:23:03','红署',0,14,1,2,1,NULL,1,18,1,33,'2019-03-03','','',0),(390,'2019-03-03 18:23:19','豆腐',0,7,1,2,1,NULL,1,18,1,33,'2019-03-03','','',0),(391,'2019-03-03 18:24:16','是饼子',0,8,1,2,1,NULL,1,18,1,34,'2019-03-03','','',0),(392,'2019-03-03 18:24:48','桔子',0,13,1,2,1,NULL,4,14,1,35,'2019-03-03','','',0),(393,'2019-03-03 18:25:32','菜等',0,25,1,2,1,NULL,4,14,1,33,'2019-03-03','','',0),(394,'2019-03-03 18:35:18','这两天给格格',0,3,1,4,4,NULL,1,18,1,34,'2019-03-03','','',0),(395,'2019-03-04 21:47:26','炒饼+炒饭',0,20,1,2,1,NULL,1,18,1,112,'2019-03-04','','',0),(396,'2019-03-04 21:47:44','蒜',0,2,1,2,1,NULL,1,18,1,33,'2019-03-04','','',0),(397,'2019-03-04 21:48:41','给格格',0,2,1,4,4,NULL,1,18,1,34,'2019-03-04','','',0),(398,'2019-03-05 09:48:06','给孩子',0,1,1,4,4,NULL,1,18,1,34,'2019-03-04','','',0),(399,'2019-03-05 09:50:38','打火机',0,40,1,2,2,NULL,4,14,2,3,'2019-03-04','','',0),(400,'2019-03-05 09:51:28','螺丝批头两个',0,15,1,2,1,NULL,4,14,2,6,'2019-03-04','','',0),(401,'2019-03-05 09:52:21','汽车工作台防滑垫',0,39,1,2,1,NULL,4,14,3,37,'2019-03-04','','',0),(402,'2019-03-05 09:53:05','角磨机配件-切片',0,34,1,2,1,NULL,4,14,2,6,'2019-03-04','','',0),(403,'2019-03-05 09:53:36','挪车号码牌',0,6,1,2,1,NULL,4,14,3,37,'2019-03-04','','',0),(404,'2019-03-05 11:47:11','保险代理',0,1812,1,2,2,NULL,4,14,11,114,'2019-03-05','','',0),(405,'2019-03-06 08:30:17','洗澡',0,93,1,2,2,NULL,1,18,5,74,'2019-03-05','','',0),(406,'2019-03-06 21:10:17','膏药',0,20,1,2,2,NULL,1,18,5,76,'2019-03-06','','',0),(407,'2019-03-06 21:11:50','浆糊+便签纸',0,6,1,2,1,NULL,1,18,8,66,'2019-03-06','','',0),(408,'2019-03-06 21:12:32','黄闷鸡',0,26,1,2,4,NULL,1,18,1,112,'2019-03-06','','',0),(409,'2019-03-06 21:12:54','蔬菜',0,8,1,2,1,NULL,1,18,1,33,'2019-03-06','','',0),(410,'2019-03-06 21:15:16','高速',0,10,1,2,1,NULL,4,14,3,41,'2019-03-06','','',0),(411,'2019-03-06 21:16:56','微信雇金收入',1,3,15,3,2,NULL,4,15,1,28,'2019-03-04','','',0),(412,'2019-03-06 21:17:27','裤子',0,17,1,3,4,NULL,4,15,13,68,'2019-03-04','','',0),(413,'2019-03-06 21:21:38','地铁',0,10,1,3,3,NULL,4,14,3,48,'2019-03-04','','',0),(414,'2019-03-06 21:22:10','地铁',0,10,1,3,3,NULL,4,14,3,48,'2019-03-05','','',0),(415,'2019-03-06 21:22:29','地铁',0,10,1,3,3,NULL,4,14,3,48,'2019-03-06','','',0),(416,'2019-03-07 20:11:12','烟',0,22,1,2,2,NULL,1,18,1,28,'2019-03-07','','',0),(417,'2019-03-07 20:11:51','我和老大晚饭10+14',0,24,1,2,1,NULL,1,18,1,112,'2019-03-07','','',0),(418,'2019-03-08 19:07:47','板面',0,27,1,2,1,NULL,1,18,1,112,'2019-03-08','','',0),(419,'2019-03-08 19:10:14','老婆2月份工资',1,5148,1,3,2,NULL,2,7,1,28,'2019-03-08','','',0),(420,'2019-03-08 19:14:25','卫生巾',0,28,1,3,3,NULL,4,15,5,120,'2019-03-08','','',0),(421,'2019-03-08 19:15:33','菜16+23+12+30',0,81,1,3,1,NULL,4,15,1,33,'2019-03-08','','',0),(422,'2019-03-08 19:16:05','炸鸡',0,21,1,3,3,NULL,4,15,1,112,'2019-03-07','','',0),(424,'2019-03-08 19:18:46','考试报名',0,30,1,3,3,NULL,4,15,8,65,'2019-03-07','','',0),(425,'2019-03-08 19:19:53','地铁',0,10,1,3,3,NULL,4,14,3,48,'2019-03-08','','',0),(426,'2019-03-08 19:20:12','地铁',0,10,1,3,3,NULL,4,14,3,48,'2019-03-07','','',0),(427,'2019-03-08 19:22:07','还房贷',0,3400,1,3,1,NULL,2,7,2,85,'2019-03-08','','',0),(428,'2019-03-08 19:22:57','给孩子',0,1,1,4,4,NULL,1,18,1,34,'2019-03-08','','',0),(429,'2019-03-09 21:08:32','烟',0,150,1,2,2,NULL,1,18,1,28,'2019-03-08','','',0),(430,'2019-03-09 21:08:50','电池',0,1,1,2,1,NULL,1,18,2,3,'2019-03-09','','',0),(432,'2019-03-09 21:09:54','饼',0,12,1,2,1,NULL,1,18,1,33,'2019-03-09','','',0),(433,'2019-03-09 21:10:19','酒',0,6,1,2,2,NULL,1,18,1,29,'2019-03-09','','',0),(434,'2019-03-09 21:10:45','饮料',0,6,1,2,1,NULL,1,18,1,31,'2019-03-09','','',0),(435,'2019-03-09 21:11:15','榨菜',0,4,1,2,1,NULL,1,18,1,33,'2019-03-09','','',0),(436,'2019-03-09 21:21:38','格格花',0,1,1,4,4,NULL,1,18,1,34,'2019-03-09','','',0),(437,'2019-03-10 19:20:57','格格早点',0,8,1,2,4,NULL,1,18,1,110,'2019-03-10','','',0),(438,'2019-03-10 19:21:35','蹦蹦床',0,30,1,2,4,NULL,4,15,4,59,'2019-03-10','','',0),(439,'2019-03-10 19:22:42','鸡蛋鸭蛋花生米大豆',0,20,1,2,1,NULL,1,18,1,33,'2019-03-10','','',0),(440,'2019-03-11 21:41:38','格格吃炸食',0,13,1,2,4,NULL,4,15,1,112,'2019-03-11','','',0),(441,'2019-03-11 21:42:16','洗锅水',0,17,1,2,1,NULL,4,15,2,9,'2019-03-11','','',0),(442,'2019-03-11 21:42:53','酱豆腐',0,5,1,2,1,NULL,4,15,1,33,'2019-03-11','','',0),(443,'2019-03-11 21:43:34','格格买玩具',0,5,1,2,4,NULL,4,15,4,113,'2019-03-11','','',0),(444,'2019-03-11 21:45:28','爱奇艺看了个电影',0,6,1,2,2,NULL,4,15,7,94,'2019-03-09','','',0),(445,'2019-03-11 21:48:43','格格花',0,2,1,4,4,NULL,1,18,1,34,'2019-03-11','','',0),(446,'2019-03-11 21:50:38','11号之前花忘了的钱',0,23,1,2,1,NULL,1,18,12,116,'2019-03-11','','',0),(447,'2019-03-13 19:40:55','格格烤冷面',0,5,1,2,4,NULL,1,18,1,110,'2019-03-13','','',0),(448,'2019-03-13 19:41:14','我烤冷面',0,5,1,2,2,NULL,1,18,1,110,'2019-03-13','','',0),(449,'2019-03-13 19:43:33','中点',0,10,1,2,2,NULL,4,15,1,111,'2019-03-12','','',0),(450,'2019-03-13 19:47:14','格格水晶泥',0,2,1,4,4,NULL,1,18,4,113,'2019-03-13','','',0),(451,'2019-03-14 09:20:10','格格烤冷面',0,5,1,2,4,NULL,1,18,1,110,'2019-03-14','','',0),(452,'2019-03-14 09:20:34','汤圆',0,8,1,2,1,NULL,1,18,1,33,'2019-03-14','','',0),(453,'2019-03-14 09:20:53','加油',0,250,1,2,1,NULL,4,15,3,40,'2019-03-14','','',0),(454,'2019-03-15 20:52:17','格格',0,1,1,4,4,NULL,1,18,1,34,'2019-03-15','','',0),(455,'2019-03-15 20:55:04','甘蔗',0,15,1,2,4,NULL,1,18,1,34,'2019-03-14','','',0),(456,'2019-03-15 21:12:41','数据线',0,11,1,3,3,NULL,4,15,6,96,'2019-03-09','','',0),(457,'2019-03-15 21:13:21','西瓜',0,30,1,3,5,NULL,4,15,1,35,'2019-03-09','','',0),(458,'2019-03-15 21:13:42','芒果',0,38,1,3,5,NULL,4,15,1,35,'2019-03-09','','',0),(459,'2019-03-15 21:14:24','桂圆',0,31,1,3,5,NULL,4,15,1,35,'2019-03-09','','',0),(460,'2019-03-15 21:14:42','火龙果',0,38,1,3,4,NULL,4,15,1,35,'2019-03-09','','',0),(461,'2019-03-15 21:15:01','芒果',0,35,1,3,4,NULL,4,15,1,35,'2019-03-09','','',0),(462,'2019-03-15 21:15:20','秋衣',0,28,1,3,3,NULL,4,15,13,68,'2019-03-09','','',0),(463,'2019-03-15 21:15:54','枣高',0,14,1,3,1,NULL,4,15,1,33,'2019-03-10','','',0),(464,'2019-03-15 21:16:32','毛衣',0,25,1,3,3,NULL,4,15,13,68,'2019-03-10','','',0),(465,'2019-03-15 21:16:52','苹果',0,9,1,3,5,NULL,4,15,1,35,'2019-03-10','','',0),(466,'2019-03-15 21:17:21','辣条',0,8,1,3,1,NULL,4,15,1,34,'2019-03-10','','',0),(467,'2019-03-15 21:19:27','佣金',1,6,17,3,2,NULL,4,15,1,28,'2019-03-10','','',0),(468,'2019-03-15 21:19:50','晚饭',0,12,1,3,3,NULL,4,15,1,112,'2019-03-11','','',0),(469,'2019-03-15 21:20:12','上衣',0,9,1,3,3,NULL,4,15,13,68,'2019-03-11','','',0),(470,'2019-03-15 21:20:24','午饭',0,14,1,3,3,NULL,4,15,1,111,'2019-03-12','','',0),(471,'2019-03-15 21:20:43','火龙果',0,40,1,3,5,NULL,4,15,1,35,'2019-03-12','','',0),(472,'2019-03-15 21:21:09','汤圆+饺子',0,29,1,3,1,NULL,4,15,1,33,'2019-03-12','','',0),(473,'2019-03-15 21:21:33','图画本',0,3,1,3,4,NULL,4,15,8,66,'2019-03-13','','',0),(474,'2019-03-15 21:21:52','鱼丸',0,18,1,3,3,NULL,4,15,1,33,'2019-03-15','','',0),(476,'2019-03-15 21:35:15','地铁',0,10,1,3,3,NULL,4,14,3,48,'2019-03-11','','',0),(477,'2019-03-15 21:35:33','地铁',0,10,1,3,3,NULL,4,14,3,48,'2019-03-12','','',0),(478,'2019-03-15 21:35:45','地铁',0,10,1,3,3,NULL,4,14,3,48,'2019-03-13','','',0),(479,'2019-03-15 21:35:59','地铁',0,10,1,3,3,NULL,4,14,3,48,'2019-03-14','','',0),(480,'2019-03-15 21:36:14','地铁',0,8,1,3,3,NULL,4,14,3,48,'2019-03-15','','',0),(481,'2019-03-17 22:19:56','烟',0,150,1,2,2,NULL,4,14,1,28,'2019-03-16','','',0),(482,'2019-03-17 22:20:12','酒',0,14,1,2,2,NULL,4,14,1,29,'2019-03-16','','',0),(483,'2019-03-17 22:20:34','汤圆',0,16,1,2,1,NULL,4,14,1,33,'2019-03-16','','',0),(484,'2019-03-17 22:20:53','高速',0,10,1,2,1,NULL,4,14,3,41,'2019-03-17','','',0),(485,'2019-03-18 22:06:24','寿司',0,12,1,2,4,NULL,4,14,1,112,'2019-03-18','','',0),(486,'2019-03-19 21:12:08','西瓜',0,12,1,2,4,NULL,4,14,1,35,'2019-03-19','','',0),(487,'2019-03-19 21:12:38','高速',0,10,1,2,1,NULL,4,14,3,41,'2019-03-18','','',0),(488,'2019-03-19 21:14:56','枣糕',0,39,1,3,1,NULL,4,15,1,33,'2019-03-16','','',0),(489,'2019-03-19 21:16:24','手机费',0,95,1,3,3,NULL,4,15,7,91,'2019-03-16','','',0),(490,'2019-03-19 21:17:00','冰淇淋',0,12,1,3,1,NULL,4,15,1,34,'2019-03-16','','',0),(491,'2019-03-19 21:17:32','买菜',0,111,1,3,1,NULL,4,15,1,33,'2019-03-16','','',0),(492,'2019-03-19 21:17:49','大饼',0,9,1,3,1,NULL,4,15,1,33,'2019-03-16','','',0),(493,'2019-03-19 21:18:38','饼干压缩',0,34,1,3,1,NULL,4,15,1,34,'2019-03-17','','',0),(494,'2019-03-19 21:19:10','手抓饼',0,5,1,3,4,NULL,4,15,1,110,'2019-03-18','','',0),(495,'2019-03-19 21:19:37','窝头',0,2,1,3,3,NULL,4,15,1,111,'2019-03-18','','',0),(496,'2019-03-19 21:20:12','超市汤圆等',0,48,1,3,1,NULL,4,15,1,33,'2019-03-19','','',0),(499,'2019-03-19 21:23:11','地铁',0,8,1,3,3,NULL,4,14,3,48,'2019-03-19','','',0),(500,'2019-03-19 21:23:33','地铁',0,8,1,3,3,NULL,4,14,3,48,'2019-03-18','','',0),(501,'2019-03-19 21:23:54','秋衣',0,79,1,3,3,NULL,4,14,13,68,'2019-03-16','','',0),(502,'2019-03-20 20:41:27','早点',0,17,1,2,2,NULL,4,14,1,110,'2019-03-20','','',0),(503,'2019-03-20 20:42:20','充手机18800138586',0,10,1,2,1,NULL,4,14,7,91,'2019-03-20','','',0),(504,'2019-03-20 20:44:08','茶水壶',0,25,1,2,1,NULL,4,14,2,3,'2019-03-20','','',0),(505,'2019-03-20 20:44:56','饮料',0,6,1,2,1,NULL,4,14,1,31,'2019-03-20','','',0),(506,'2019-03-20 20:45:52','瓜子',0,4,1,2,1,NULL,4,14,1,34,'2019-03-20','','',0),(507,'2019-03-20 20:47:12','茶叶+菊花 25+10',0,35,1,2,1,NULL,4,14,1,31,'2019-03-20','','',0),(508,'2019-03-20 20:47:48','格格花',0,1,1,2,4,NULL,4,14,1,34,'2019-03-20','','',0),(509,'2019-03-23 19:21:50','水壶',0,26,1,3,1,NULL,4,15,2,3,'2019-03-20','','',0),(510,'2019-03-23 19:22:55','雇金',1,3,17,3,2,NULL,4,15,1,28,'2019-03-22','','',0),(511,'2019-03-23 19:23:29','面包',0,29,1,3,1,NULL,4,15,1,33,'2019-03-23','','',0),(512,'2019-03-23 19:23:41','秋衣',0,38,1,3,3,NULL,4,15,13,68,'2019-03-23','','',0),(513,'2019-03-23 19:24:03','水费',0,30,1,3,1,NULL,4,15,2,12,'2019-03-23','','',0),(514,'2019-03-23 19:24:16','馒头',0,6,1,3,1,NULL,4,15,1,33,'2019-03-23','','',0),(515,'2019-03-23 19:24:36','鸡块等',0,36,1,3,1,NULL,4,15,1,33,'2019-03-23','','',0),(516,'2019-03-23 19:24:52','雪糕',0,16,1,3,1,NULL,4,15,1,34,'2019-03-23','','',0),(517,'2019-03-23 19:26:05','地铁',0,8,1,3,3,NULL,4,14,3,48,'2019-03-20','','',0),(518,'2019-03-23 19:26:20','地铁',0,8,1,3,3,NULL,4,14,3,48,'2019-03-21','','',0),(519,'2019-03-23 19:27:25','地铁',0,8,1,3,3,NULL,4,14,3,48,'2019-03-22','','',0),(520,'2019-03-23 19:36:32','高速',0,5,1,2,1,NULL,4,14,3,41,'2019-03-21','','',0),(521,'2019-03-23 19:37:41','果冻等',0,6,1,2,4,NULL,4,14,1,34,'2019-03-22','','',0),(522,'2019-03-23 19:38:14','板面',0,17,1,2,2,NULL,4,14,1,112,'2019-03-23','','',0),(523,'2019-03-23 19:38:44','格格饮料',0,4,1,2,4,NULL,4,14,1,31,'2019-03-23','','',0),(535,'2019-03-26 21:30:10','晚饭',0,34,1,2,2,NULL,4,14,1,112,'2019-03-24','','',0),(536,'2019-03-26 21:30:27','烟',0,16,1,2,2,NULL,4,14,1,28,'2019-03-24','','',0),(537,'2019-03-26 21:31:28','速冻饺子+汤圆+格格0食',0,30,1,2,1,NULL,4,14,1,33,'2019-03-24','','',0),(538,'2019-03-26 21:31:54','中点',0,16,1,2,2,NULL,4,14,1,111,'2019-03-25','','',0),(539,'2019-03-26 21:32:09','理发',0,38,1,2,2,NULL,4,14,5,74,'2019-03-25','','',0),(540,'2019-03-26 21:32:29','洗澡',0,83,1,2,2,NULL,4,14,5,74,'2019-03-25','','',0),(541,'2019-03-26 21:32:52','烟',0,38,1,2,2,NULL,4,14,1,28,'2019-03-26','','',0),(542,'2019-03-26 21:33:03','晚饭',0,17,1,2,2,NULL,4,14,1,112,'2019-03-26','','',0),(543,'2019-03-26 21:33:23','桔子',0,12,1,2,4,NULL,1,18,1,35,'2019-03-26','','',0),(544,'2019-03-27 06:01:43','刷单拥金',1,7,17,3,2,NULL,4,15,1,28,'2019-03-07','','',0),(551,'2019-03-29 22:07:15','秋衣',0,25,1,3,3,NULL,4,15,13,68,'2019-03-24','','',0),(552,'2019-03-29 22:07:38','鞋子',0,55,1,3,3,NULL,4,15,13,69,'2019-03-25','','',0),(553,'2019-03-29 22:09:21','拥金',1,3,17,3,2,NULL,4,15,1,28,'2019-03-24','','',0),(556,'2019-03-29 22:10:42','烤冷面',0,5,1,3,4,NULL,4,15,1,110,'2019-03-25','','',0),(557,'2019-03-29 22:10:56','早点',0,5,1,3,3,NULL,4,15,1,110,'2019-03-25','','',0),(558,'2019-03-29 22:11:19','格格袜子',0,18,1,3,4,NULL,4,15,13,69,'2019-03-25','','',0),(559,'2019-03-29 22:11:57','馒头',0,22,1,3,1,NULL,4,15,1,33,'2019-03-25','','',0),(560,'2019-03-29 22:12:12','早点',0,3,1,3,3,NULL,4,15,1,110,'2019-03-26','','',0),(561,'2019-03-29 22:12:42','黄焖鸡米饭',0,20,1,3,4,NULL,4,15,1,112,'2019-03-26','','',0),(562,'2019-03-29 22:13:07','西红柿',0,12,1,3,1,NULL,4,15,1,33,'2019-03-26','','',0),(563,'2019-03-29 22:13:34','凉皮',0,7,1,3,3,NULL,4,15,1,33,'2019-03-26','','',0),(564,'2019-03-29 22:13:58','馒头',0,7,1,3,1,NULL,4,15,1,33,'2019-03-27','','',0),(565,'2019-03-29 22:14:12','早点',0,3,1,3,3,NULL,4,15,1,110,'2019-03-27','','',0),(566,'2019-03-29 22:14:37','芹菜',0,4,1,3,1,NULL,4,15,1,33,'2019-03-28','','',0),(567,'2019-03-29 22:15:06','格格伙食费',0,315,1,3,4,NULL,4,15,8,118,'2019-03-29','','',0),(568,'2019-03-29 22:15:52','卖单位发的电锅',1,220,17,3,2,NULL,4,15,1,28,'2019-03-27','','',0),(569,'2019-03-29 22:17:59','加油',0,250,1,3,1,NULL,1,18,3,40,'2019-03-28','','',0),(570,'2019-03-29 22:18:19','烟',0,38,1,3,2,NULL,1,18,1,28,'2019-03-28','','',0),(571,'2019-03-29 22:18:47','洗澡',0,30,1,3,1,NULL,1,18,5,74,'2019-03-29','','',0),(572,'2019-03-29 22:20:40','隐形眼镜',0,58,1,3,3,NULL,4,14,13,73,'2019-03-24','','',0),(573,'2019-03-29 22:21:16','地铁',0,6,1,3,3,NULL,4,14,3,48,'2019-03-25','','',0),(574,'2019-03-29 22:21:33','地铁',0,5,1,3,3,NULL,4,14,3,48,'2019-03-26','','',0),(575,'2019-03-29 22:21:46','地铁',0,5,1,3,3,NULL,4,14,3,48,'2019-03-27','','',0),(576,'2019-03-29 22:21:58','地铁',0,5,1,3,3,NULL,4,14,3,48,'2019-03-28','','',0),(577,'2019-03-29 22:22:14','地铁',0,5,1,3,3,NULL,4,14,3,48,'2019-03-29','','',0),(578,'2019-03-29 22:22:36','午饭',0,16,1,3,3,NULL,4,14,1,111,'2019-03-29','','',0),(579,'2019-03-29 22:26:35','烟',0,23,1,2,2,NULL,4,14,1,28,'2019-03-27','','',0),(580,'2019-03-29 22:26:50','中点',0,12,1,2,2,NULL,4,14,1,111,'2019-03-27','','',0),(581,'2019-03-29 22:27:30','翻墙网费',0,30,1,2,2,NULL,4,14,7,119,'2019-03-28','','',0),(582,'2019-03-29 22:27:55','中点',0,9,1,2,2,NULL,4,14,1,111,'2019-03-28','','',0),(583,'2019-03-29 22:29:08','酱豆付+辣椒',0,10,1,2,2,NULL,4,14,1,33,'2019-03-28','','',0),(584,'2019-03-29 22:29:29','烟',0,150,1,2,2,NULL,4,14,1,28,'2019-03-29','','',0),(585,'2019-03-29 22:29:54','雪糕',0,4,1,2,3,NULL,4,14,1,34,'2019-03-29','','',0),(586,'2019-03-29 22:33:08','煎饼',0,5,1,2,2,NULL,1,18,1,110,'2019-03-29','','',0),(587,'2019-04-01 20:14:53','白属',0,15,1,3,1,NULL,4,15,1,33,'2019-03-30','','',0),(588,'2019-04-01 20:15:50','买 菜',0,35,1,3,1,NULL,4,15,1,33,'2019-03-30','','',0),(589,'2019-04-01 20:16:30','西瓜',0,27,1,3,4,NULL,4,15,1,35,'2019-03-30','','',0),(590,'2019-04-01 20:16:57','烤肠',0,11,1,3,1,NULL,4,15,1,34,'2019-03-31','','',0),(591,'2019-04-01 20:17:54','停车证',0,200,1,3,1,NULL,1,18,3,47,'2019-04-02','','',0),(592,'2019-04-01 20:19:05','地铁',0,5,1,3,3,NULL,4,14,3,48,'2019-03-30','','',0),(593,'2019-04-01 20:19:33','饮料',0,3,1,3,4,NULL,4,14,1,31,'2019-03-31','','',0),(594,'2019-04-01 20:19:44','地铁',0,10,1,3,3,NULL,4,14,3,48,'2019-04-01','','',0),(595,'2019-04-01 20:19:57','中点',0,13,1,3,3,NULL,4,14,1,111,'2019-04-01','','',0),(596,'2019-04-01 20:21:25','充公交',0,100,1,3,3,NULL,1,18,3,48,'2019-03-31','','',0),(597,'2019-04-01 20:22:58','买菜+汤圆啥的',0,29,1,3,1,NULL,1,18,1,33,'2019-03-31','','',0),(598,'2019-04-01 20:23:29','大饼',0,5,1,3,1,NULL,1,18,1,33,'2019-03-31','','',0),(599,'2019-04-01 20:24:46','买大饼5+5',0,10,1,2,1,NULL,4,15,1,33,'2019-04-01','','',0),(600,'2019-04-01 20:26:34','皮酒+白酒',0,18,1,2,2,NULL,4,15,1,29,'2019-04-01','','',0),(601,'2019-04-01 20:26:56','格格零食',0,5,1,2,4,NULL,4,15,1,34,'2019-04-01','','',0),(602,'2019-04-05 19:45:12','早点',0,3,1,3,3,NULL,4,15,1,110,'2019-04-02','','',0),(603,'2019-04-05 19:45:37','鸡柳',0,36,1,3,1,NULL,4,15,1,112,'2019-04-02',NULL,NULL,0),(604,'2019-04-05 19:46:01','炒合粉',0,10,1,3,3,NULL,4,15,1,112,'2019-04-02',NULL,NULL,0),(605,'2019-04-05 19:46:18','早点',0,3,1,3,3,NULL,4,15,1,110,'2019-04-03',NULL,NULL,0),(606,'2019-04-05 19:46:30','早点',0,3,1,3,3,NULL,4,15,1,110,'2019-04-04',NULL,NULL,0),(607,'2019-04-05 19:47:04','晚上买',0,53,1,3,1,NULL,4,15,1,33,'2019-04-04',NULL,NULL,0),(608,'2019-04-05 19:48:39','地铁',0,10,1,3,3,NULL,4,14,1,48,'2019-04-02','','',0),(609,'2019-04-05 19:49:34','地铁',0,10,1,3,3,NULL,4,14,3,48,'2019-04-03','','',0),(610,'2019-04-05 19:50:04','鞋',0,160,1,3,3,NULL,4,14,13,69,'2019-04-03',NULL,NULL,0),(611,'2019-04-05 19:50:19','地铁',0,10,1,3,3,NULL,4,14,3,48,'2019-04-04',NULL,NULL,0),(612,'2019-04-05 19:53:29','格格零食',0,26,1,2,1,NULL,4,15,1,34,'2019-04-02','','',0),(613,'2019-04-05 19:54:31','方便面',0,7,1,2,1,NULL,4,15,1,33,'2019-04-03',NULL,NULL,0),(614,'2019-04-05 19:55:02','格格买鸡柳',0,13,1,2,4,NULL,4,15,1,112,'2019-04-03',NULL,NULL,0),(615,'2019-04-05 19:55:29','炒饼',0,10,1,2,2,NULL,4,15,1,112,'2019-04-03',NULL,NULL,0),(616,'2019-04-05 19:55:53','肯德鸡',0,37,1,2,2,NULL,4,15,1,111,'2019-04-05',NULL,NULL,0),(617,'2019-04-05 19:56:09','洗澡',0,83,1,2,2,NULL,4,15,5,74,'2019-04-05',NULL,NULL,0),(618,'2019-04-05 19:57:09','给格格花零食',0,2,1,2,4,NULL,1,18,1,34,'2019-04-05','','',0),(619,'2019-04-05 19:57:32','给格格零花',0,2,1,2,4,NULL,1,18,1,34,'2019-04-03',NULL,NULL,0),(620,'2019-04-08 16:25:45','中饭48+7',0,55,1,2,1,NULL,4,15,1,111,'2019-04-06','','',0),(621,'2019-04-08 16:27:42','烟',0,40,1,2,2,NULL,4,15,1,28,'2019-04-06',NULL,NULL,0),(622,'2019-04-08 16:28:22','八奇洞风景区停车费',0,20,1,2,1,NULL,4,15,4,59,'2019-04-06',NULL,NULL,0),(623,'2019-04-08 16:32:00','酒+酱豆腐+孩子吃的等',0,29,1,2,1,NULL,4,15,1,34,'2019-04-06','','',0),(624,'2019-04-08 16:33:33','凉菜',0,12,1,2,1,NULL,4,15,1,33,'2019-04-06',NULL,NULL,0),(625,'2019-04-08 16:34:36','土豆',0,11,1,2,1,NULL,4,15,1,33,'2019-04-07','','',0),(626,'2019-04-08 16:35:07','烟',0,54,1,2,2,NULL,4,15,1,28,'2019-04-07',NULL,NULL,0),(627,'2019-04-08 16:36:13','给爸买烟',0,10,1,2,6,NULL,4,15,9,21,'2019-04-07','','',0),(628,'2019-04-08 16:36:51','孩子0花',0,1,1,2,4,NULL,4,15,1,34,'2019-04-07',NULL,NULL,0),(629,'2019-04-08 16:40:49','煎饼',0,5,1,2,2,NULL,4,14,1,110,'2019-04-08','','',0),(630,'2019-04-08 16:53:25','交社保',0,1812,1,2,2,NULL,2,9,11,114,'2019-04-08','','',0),(631,'2019-04-08 18:44:25','手机182充值',0,50,1,2,2,NULL,4,14,7,91,'2019-04-08','','',0),(632,'2019-04-08 20:44:08','拥金',1,3,17,3,3,NULL,4,15,1,28,'2019-04-06','','',0),(633,'2019-04-08 20:45:00','打包盒',0,3,1,3,1,NULL,4,15,1,112,'2019-04-06',NULL,NULL,0),(634,'2019-04-08 20:45:25','相片',0,30,1,3,1,NULL,4,15,2,8,'2019-04-06',NULL,NULL,0),(635,'2019-04-08 20:45:57','花生+安春旦',0,13,1,3,1,NULL,4,15,1,33,'2019-04-06',NULL,NULL,0),(636,'2019-04-08 20:46:14','包子',0,19,1,3,1,NULL,4,15,1,33,'2019-04-06',NULL,NULL,0),(637,'2019-04-08 20:46:30','鸡腿',0,51,1,3,1,NULL,4,15,1,33,'2019-04-06',NULL,NULL,0),(638,'2019-04-08 20:47:02','豆牙',0,3,1,3,1,NULL,4,15,1,33,'2019-04-06',NULL,NULL,0),(639,'2019-04-08 20:48:45','美颜品',0,27,1,3,3,NULL,4,14,5,75,'2019-04-06','','',0),(641,'2019-04-08 20:53:33','雪高',0,9,1,3,1,NULL,1,18,1,34,'2019-04-07','','',0),(642,'2019-04-09 17:07:04','板面',0,11,1,2,2,NULL,4,15,1,112,'2019-04-09','','',0),(643,'2019-04-09 17:08:04','草莓+山竹',0,27,1,2,4,NULL,4,15,1,35,'2019-04-09',NULL,NULL,0),(644,'2019-04-09 17:08:15','烟',0,150,1,2,2,NULL,4,15,1,28,'2019-04-09',NULL,NULL,0),(645,'2019-04-09 17:09:23','方便面',0,21,1,2,1,NULL,4,15,1,33,'2019-04-09',NULL,NULL,0),(646,'2019-04-09 17:09:54','饮料',0,12,1,2,1,NULL,4,15,1,31,'2019-04-09',NULL,NULL,0),(647,'2019-04-10 20:11:25','早点',0,4,1,3,4,NULL,4,15,1,110,'2019-04-10','','',0),(648,'2019-04-10 20:11:46','买的一堆吃食',0,76,1,3,1,NULL,4,15,1,33,'2019-04-10',NULL,NULL,0),(649,'2019-04-10 20:12:16','老婆工资',1,5271,1,3,3,NULL,2,7,1,28,'2019-04-10','','',0),(650,'2019-04-10 20:13:18','地铁',0,10,1,3,3,NULL,4,14,3,48,'2019-04-08','','',0),(651,'2019-04-10 20:13:27','地铁',0,10,1,3,3,NULL,4,14,3,48,'2019-04-09',NULL,NULL,0),(652,'2019-04-10 20:13:40','午饭',0,25,1,3,3,NULL,4,14,1,111,'2019-04-09',NULL,NULL,0),(653,'2019-04-10 20:13:55','地铁',0,10,1,3,3,NULL,4,14,3,48,'2019-04-10',NULL,NULL,0),(654,'2019-04-10 20:20:16','早点',0,8,1,2,1,NULL,4,15,1,110,'2019-04-10','','',0),(655,'2019-04-10 20:20:36','大饼',0,20,1,2,1,NULL,4,15,1,33,'2019-04-10',NULL,NULL,0),(656,'2019-04-10 20:23:41','格格0花',0,2,1,2,4,NULL,1,18,1,34,'2019-04-09','','',0),(657,'2019-04-13 20:06:08','洗澡',0,49,1,2,2,NULL,4,15,5,74,'2019-04-13','','',0),(658,'2019-04-13 20:09:29','给孩子买种子',0,5,1,2,4,NULL,4,15,2,11,'2019-04-13',NULL,NULL,0),(659,'2019-04-13 20:09:58','手机帖膜',0,15,1,2,2,NULL,4,15,6,96,'2019-04-13',NULL,NULL,0),(660,'2019-04-13 20:10:27','孩子吃榨鸡',0,25,1,2,4,NULL,4,15,1,112,'2019-04-13',NULL,NULL,0),(661,'2019-04-13 20:10:50','盖饭',0,15,1,2,2,NULL,4,15,1,112,'2019-04-13',NULL,NULL,0),(662,'2019-04-13 20:11:52','鸭脖',0,9,1,2,3,NULL,4,15,1,34,'2019-04-13',NULL,NULL,0),(663,'2019-04-13 20:14:23','啤酒+孩子饮料',0,10,1,2,2,NULL,4,15,1,31,'2019-04-13',NULL,NULL,0),(664,'2019-04-15 10:38:18','啤酒+罐啤',0,13,1,2,2,NULL,4,15,1,29,'2019-04-13','','',0),(665,'2019-04-15 10:38:54','加油',0,20,1,2,1,NULL,1,18,3,40,'2019-04-13',NULL,NULL,0),(666,'2019-04-15 10:39:12','加油',0,290,1,2,1,NULL,3,4,3,40,'2019-04-15',NULL,NULL,0),(667,'2019-04-15 10:39:31','早点7+3',0,10,1,2,2,NULL,4,15,1,110,'2019-04-15',NULL,NULL,0),(668,'2019-04-15 20:28:19','书包',0,29,1,3,4,NULL,4,15,8,66,'2019-04-11','','',0),(669,'2019-04-15 20:28:45','早点',0,3,1,3,3,NULL,4,15,1,110,'2019-04-11',NULL,NULL,0),(670,'2019-04-15 20:29:06','金针菇',0,100,1,3,1,NULL,4,15,1,33,'2019-04-11',NULL,NULL,0),(671,'2019-04-15 20:29:17','早点',0,3,1,3,3,NULL,4,15,1,110,'2019-04-12',NULL,NULL,0),(672,'2019-04-15 20:29:35','午饭',0,14,1,3,3,NULL,4,15,1,111,'2019-04-12',NULL,NULL,0),(673,'2019-04-15 20:30:06','锅',0,136,1,3,1,NULL,2,7,2,9,'2019-04-13',NULL,NULL,0),(674,'2019-04-15 20:31:02','西红是',0,14,1,3,1,NULL,4,15,1,33,'2019-04-14',NULL,NULL,0),(675,'2019-04-15 20:31:36','豆角等',0,37,1,3,1,NULL,4,15,1,33,'2019-04-14',NULL,NULL,0),(676,'2019-04-15 20:31:48','玉米',0,6,1,3,3,NULL,4,15,1,34,'2019-04-14',NULL,NULL,0),(677,'2019-04-15 20:32:07','鸡蛋',0,11,1,3,1,NULL,4,15,1,33,'2019-04-14',NULL,NULL,0),(678,'2019-04-15 20:32:20','汤圆=',0,23,1,3,1,NULL,4,15,1,33,'2019-04-14',NULL,NULL,0),(679,'2019-04-15 20:32:38','苹果',0,35,1,3,1,NULL,4,15,1,35,'2019-04-14',NULL,NULL,0),(680,'2019-04-15 20:33:00','格格早点',0,2,1,3,4,NULL,4,15,1,110,'2019-04-15',NULL,NULL,0),(681,'2019-04-15 20:33:11','早点',0,3,1,3,3,NULL,4,15,1,110,'2019-04-15',NULL,NULL,0),(682,'2019-04-15 20:34:33','早点',0,20,1,3,1,NULL,1,18,1,110,'2019-04-13','','',0),(683,'2019-04-15 20:34:57','雪糕',0,20,1,3,1,NULL,1,18,1,34,'2019-04-13',NULL,NULL,0),(684,'2019-04-15 20:36:14','地铁',0,10,1,3,3,NULL,4,14,3,48,'2019-04-11','','',0),(685,'2019-04-15 20:36:24','地铁',0,10,1,3,3,NULL,4,14,3,48,'2019-04-12',NULL,NULL,0),(686,'2019-04-15 20:37:01','地铁',0,10,1,3,3,NULL,4,14,3,48,'2019-04-15','','',0),(687,'2019-04-18 09:55:02','好像是给孩子花',0,3,1,2,4,NULL,4,15,1,34,'2019-04-16','','',0),(688,'2019-04-18 09:56:45','忘了',0,2,1,2,1,NULL,4,15,12,116,'2019-04-17',NULL,NULL,0),(689,'2019-04-18 09:56:59','早点',0,5,1,2,2,NULL,4,15,1,110,'2019-04-17',NULL,NULL,0),(690,'2019-04-18 09:57:41','给老大买鞋',0,60,1,2,4,NULL,4,15,13,69,'2019-04-17',NULL,NULL,0),(691,'2019-04-18 09:58:01','烤肠',0,2,1,2,4,NULL,4,15,1,34,'2019-04-17',NULL,NULL,0),(692,'2019-04-18 09:59:03','早点',0,6,1,2,2,NULL,4,15,1,110,'2019-04-18',NULL,NULL,0),(693,'2019-04-18 09:59:29','老大早点',0,5,1,2,4,NULL,4,15,1,110,'2019-04-18',NULL,NULL,0),(694,'2019-04-18 10:03:39','手环',0,279,1,2,2,NULL,3,4,6,99,'2019-04-17','','',0),(695,'2019-04-19 08:16:02','老大炸鱼豆腐等',0,13,1,2,4,NULL,4,15,1,112,'2019-04-18','','',0),(696,'2019-04-19 08:18:19','烟',0,150,1,2,2,NULL,4,14,1,28,'2019-04-18','','',0),(697,'2019-04-19 08:18:47','晚点炒饼',0,10,1,2,2,NULL,4,14,1,112,'2019-04-18',NULL,NULL,0),(698,'2019-04-19 08:19:06','早点',0,6,1,2,4,NULL,4,14,1,110,'2019-04-19',NULL,NULL,0),(699,'2019-04-20 11:38:38','煎饼',0,5,1,2,2,NULL,4,14,1,110,'2019-04-20','','',0),(700,'2019-04-20 11:39:08','香椿',0,10,1,2,1,NULL,4,14,1,33,'2019-04-20',NULL,NULL,0),(701,'2019-04-20 11:39:30','孩子早点',0,9,1,2,4,NULL,4,14,1,110,'2019-04-20',NULL,NULL,0),(702,'2019-04-20 11:41:18','背包',0,88,1,2,2,NULL,3,4,13,70,'2019-04-20','','',0),(703,'2019-04-21 05:15:27','孩子炸鸡块',0,20,1,2,4,NULL,4,14,1,112,'2019-04-20','','',0),(704,'2019-04-21 05:15:53','板面',0,17,1,2,2,NULL,4,14,1,112,'2019-04-20',NULL,NULL,0),(705,'2019-04-21 05:16:36','生菜',0,5,1,2,1,NULL,4,14,1,33,'2019-04-20',NULL,NULL,0),(706,'2019-04-21 12:47:10','小笼包紫米粥油条煎饼5+13',0,18,1,2,1,NULL,4,14,1,110,'2019-04-21','','',0),(707,'2019-04-21 12:49:17','格格本',0,2,1,2,4,NULL,4,14,8,66,'2019-04-21','','',0),(708,'2019-04-21 12:49:58','给格格买水果15+11',0,26,1,2,4,NULL,4,14,1,35,'2019-04-21',NULL,NULL,0),(709,'2019-04-21 13:59:17','卫生纸',0,25,1,2,1,NULL,1,18,2,3,'2019-04-21','','',0),(710,'2019-04-21 20:12:43','老大早点',0,2,1,3,4,NULL,4,15,1,110,'2019-04-16','','',0),(711,'2019-04-21 20:13:01','早点',0,6,1,3,4,NULL,4,15,1,110,'2019-04-16',NULL,NULL,0),(712,'2019-04-21 20:14:00','袄',0,32,1,3,3,NULL,2,7,13,68,'2019-04-16','','',0),(713,'2019-04-21 20:14:31','袜子',0,13,1,3,3,NULL,4,15,13,68,'2019-04-16',NULL,NULL,0),(714,'2019-04-21 20:14:56','袄',0,37,1,3,3,NULL,2,7,13,68,'2019-04-16',NULL,NULL,0),(715,'2019-04-21 20:15:38','早点',0,3,1,3,3,NULL,4,15,1,110,'2019-04-17','','',0),(716,'2019-04-21 20:16:14','袄',0,62,1,3,3,NULL,2,7,13,68,'2019-04-17',NULL,NULL,0),(717,'2019-04-21 20:16:47','鞋',0,18,1,3,4,NULL,2,7,13,69,'2019-04-17',NULL,NULL,0),(718,'2019-04-21 20:17:09','鞋',0,18,1,3,5,NULL,2,7,13,69,'2019-04-17',NULL,NULL,0),(719,'2019-04-21 20:17:30','鞋',0,9,1,3,5,NULL,2,7,13,69,'2019-04-17',NULL,NULL,0),(720,'2019-04-21 20:17:49','鞋',0,45,1,3,4,NULL,2,7,13,69,'2019-04-17',NULL,NULL,0),(721,'2019-04-21 20:18:05','鞋',0,16,1,3,3,NULL,2,7,13,69,'2019-04-18',NULL,NULL,0),(722,'2019-04-21 20:18:23','鞋',0,27,1,3,3,NULL,2,7,13,69,'2019-04-18',NULL,NULL,0),(723,'2019-04-21 20:19:49','鸭脖子',0,10,1,3,3,NULL,2,7,1,34,'2019-04-18',NULL,NULL,0),(724,'2019-04-21 20:20:04','早点',0,3,1,3,3,NULL,4,15,1,110,'2019-04-19',NULL,NULL,0),(725,'2019-04-21 20:20:22','袄',0,27,1,3,3,NULL,2,7,13,68,'2019-04-19',NULL,NULL,0),(726,'2019-04-21 20:20:58','早点',0,3,1,3,3,NULL,4,15,1,110,'2019-04-20',NULL,NULL,0),(727,'2019-04-21 20:21:11','早点',0,4,1,3,3,NULL,2,7,1,110,'2019-04-20',NULL,NULL,0),(728,'2019-04-21 20:21:41','收腹衣',0,26,1,3,3,NULL,4,15,13,68,'2019-04-20',NULL,NULL,0),(729,'2019-04-21 20:22:02','药',0,73,1,3,1,NULL,4,15,5,78,'2019-04-21',NULL,NULL,0),(730,'2019-04-21 20:23:25','佣金',1,3,17,3,3,NULL,4,15,1,28,'2019-04-21','','',0),(731,'2019-04-21 20:23:57','汤圆+雪糕',0,45,1,3,1,NULL,4,15,1,33,'2019-04-21',NULL,NULL,0),(732,'2019-04-21 20:25:36','地铁',0,8,1,3,3,NULL,4,14,3,48,'2019-04-16','','',0),(733,'2019-04-21 20:25:48','地铁',0,8,1,3,3,NULL,4,14,3,48,'2019-04-17',NULL,NULL,0),(734,'2019-04-21 20:26:04','地铁',0,8,1,3,3,NULL,4,14,3,48,'2019-04-18',NULL,NULL,0),(735,'2019-04-21 20:26:21','午饭',0,16,1,3,3,NULL,4,14,1,111,'2019-04-18',NULL,NULL,0),(736,'2019-04-21 20:26:34','地铁',0,8,1,3,3,NULL,4,14,3,48,'2019-04-19',NULL,NULL,0),(737,'2019-04-21 20:26:49','地铁',0,8,1,3,3,NULL,4,14,3,48,'2019-04-20',NULL,NULL,0),(738,'2019-04-21 20:28:45','地铁',0,8,1,3,3,NULL,4,14,3,48,'2019-04-21','','',0),(739,'2019-04-21 20:28:59','午饭',0,16,1,3,3,NULL,4,14,1,111,'2019-04-21',NULL,NULL,0),(740,'2019-04-21 20:32:34','水费',0,30,1,2,1,NULL,1,18,2,12,'2019-04-21','','',0),(741,'2019-04-23 05:14:08','给爸充手机费',0,100,1,2,6,NULL,4,14,9,21,'2019-04-21','','',0),(742,'2019-04-23 05:17:44','补胎',0,60,1,2,1,NULL,4,14,3,38,'2019-04-22','','',0),(743,'2019-04-23 05:18:56','中饭20',0,20,1,2,1,NULL,2,9,1,111,'2019-04-22',NULL,NULL,0),(744,'2019-04-23 05:19:09','中饭2',0,2,1,2,1,NULL,4,14,1,111,'2019-04-22',NULL,NULL,0),(745,'2019-04-23 20:37:29','晚点10',0,10,1,2,2,NULL,4,15,1,112,'2019-04-23','','',0),(746,'2019-04-23 20:37:41','晚点17',0,17,1,2,2,NULL,4,15,1,112,'2019-04-23',NULL,NULL,0),(747,'2019-04-23 20:38:10','洗澡',0,35,1,2,2,NULL,4,14,5,74,'2019-04-23',NULL,NULL,0),(748,'2019-04-23 20:40:51','老家暖气费',0,2555,1,3,1,NULL,2,7,2,16,'2019-04-23','','',0),(749,'2019-04-23 20:48:07','早点',0,3,1,3,3,NULL,4,15,1,110,'2019-04-22','','',0),(750,'2019-04-23 20:48:28','格格早点',0,2,1,3,4,NULL,4,15,1,110,'2019-04-23',NULL,NULL,0),(751,'2019-04-23 20:48:38','早点',0,3,1,3,3,NULL,4,15,1,110,'2019-04-23',NULL,NULL,0),(752,'2019-04-23 20:49:17','晚点汉堡',0,12,1,3,1,NULL,4,15,1,112,'2019-04-23',NULL,NULL,0),(753,'2019-04-23 20:49:34','晚点其它',0,15,1,3,1,NULL,4,15,1,112,'2019-04-23',NULL,NULL,0),(754,'2019-04-23 20:49:48','水果',0,18,1,3,4,NULL,4,15,1,35,'2019-04-23',NULL,NULL,0),(755,'2019-04-23 20:50:57','纹胸',0,28,1,3,3,NULL,4,15,13,68,'2019-04-21','','',0),(756,'2019-04-23 20:51:16','好评返现',1,2,17,3,3,NULL,4,15,1,28,'2019-04-22',NULL,NULL,0),(757,'2019-04-23 20:52:16','地铁',0,7,1,3,3,NULL,4,14,3,48,'2019-04-22','','',0),(758,'2019-04-23 20:52:32','地铁',0,5,1,3,3,NULL,4,14,3,48,'2019-04-23',NULL,NULL,0),(759,'2019-04-23 20:54:29','寄快递',0,12,1,3,3,NULL,2,7,7,89,'2019-04-23','','',0);
/*!40000 ALTER TABLE `in_out` ENABLE KEYS */;
UNLOCK TABLES;

--
-- Table structure for table `intype`
--

DROP TABLE IF EXISTS `intype`;
/*!40101 SET @saved_cs_client     = @@character_set_client */;
/*!40101 SET character_set_client = utf8 */;
CREATE TABLE `intype` (
  `id` int(10) unsigned NOT NULL AUTO_INCREMENT,
  `name` char(255) DEFAULT NULL,
  `orderd` smallint(5) unsigned DEFAULT NULL,
  `isOpen` tinyint(4) DEFAULT '1' COMMENT '是否启用',
  PRIMARY KEY (`id`)
) ENGINE=InnoDB AUTO_INCREMENT=19 DEFAULT CHARSET=utf8;
/*!40101 SET character_set_client = @saved_cs_client */;

--
-- Dumping data for table `intype`
--

LOCK TABLES `intype` WRITE;
/*!40000 ALTER TABLE `intype` DISABLE KEYS */;
INSERT INTO `intype` VALUES (1,'工资',1,1),(2,'兼职',2,1),(3,'公积金',3,1),(4,'给予',4,1),(5,'加班',5,1),(6,'奖金',6,1),(7,'利息',7,1),(9,'房租',9,1),(10,'中奖捡钱',10,1),(11,'政府补贴',11,1),(12,'报销',12,1),(15,'其它',100,1),(16,'物品出售',13,1),(17,'生活小福利',14,1),(18,'test25',25,0);
/*!40000 ALTER TABLE `intype` ENABLE KEYS */;
UNLOCK TABLES;

--
-- Table structure for table `member`
--

DROP TABLE IF EXISTS `member`;
/*!40101 SET @saved_cs_client     = @@character_set_client */;
/*!40101 SET character_set_client = utf8 */;
CREATE TABLE `member` (
  `id` int(10) unsigned NOT NULL AUTO_INCREMENT,
  `name` char(255) DEFAULT NULL,
  `orderd` smallint(5) unsigned DEFAULT NULL,
  `ifhome` tinyint(3) unsigned DEFAULT '0',
  PRIMARY KEY (`id`)
) ENGINE=InnoDB AUTO_INCREMENT=19 DEFAULT CHARSET=utf8;
/*!40101 SET character_set_client = @saved_cs_client */;

--
-- Dumping data for table `member`
--

LOCK TABLES `member` WRITE;
/*!40000 ALTER TABLE `member` DISABLE KEYS */;
INSERT INTO `member` VALUES (1,'公共',3,1),(2,'老公',1,1),(3,'老婆',2,1),(4,'老大',4,1),(5,'老二',5,1),(6,'父亲',6,0),(7,'母亲',7,0),(8,'岳父',8,0),(9,'岳母',9,0),(10,'妹妹',10,0),(11,'奶奶',11,0),(12,'岳奶',12,0),(13,'亲戚',20,0),(14,'他人',40,0),(15,'其它',100,0),(16,'姥姥',15,0),(17,'同事',37,0),(18,'同学',38,0);
/*!40000 ALTER TABLE `member` ENABLE KEYS */;
UNLOCK TABLES;

--
-- Table structure for table `outtype1`
--

DROP TABLE IF EXISTS `outtype1`;
/*!40101 SET @saved_cs_client     = @@character_set_client */;
/*!40101 SET character_set_client = utf8 */;
CREATE TABLE `outtype1` (
  `id` int(10) unsigned NOT NULL AUTO_INCREMENT,
  `name` char(255) DEFAULT NULL,
  `orderd` smallint(5) unsigned DEFAULT NULL,
  `isOpen` tinyint(4) NOT NULL DEFAULT '1' COMMENT '是否开启',
  PRIMARY KEY (`id`)
) ENGINE=InnoDB AUTO_INCREMENT=16 DEFAULT CHARSET=utf8;
/*!40101 SET character_set_client = @saved_cs_client */;

--
-- Dumping data for table `outtype1`
--

LOCK TABLES `outtype1` WRITE;
/*!40000 ALTER TABLE `outtype1` DISABLE KEYS */;
INSERT INTO `outtype1` VALUES (1,'食品酒水',1,1),(2,'居家物业',3,1),(3,'行车交通',2,1),(4,'休闲娱乐',5,1),(5,'医疗保健',6,1),(6,'数码家电',7,1),(7,'网资通讯',8,1),(8,'学习进修',9,1),(9,'人情往来',10,1),(10,'差旅出游',11,1),(11,'金融保险',12,1),(12,'其它',100,1),(13,'衣服饰品',4,1),(15,'uu',110,0);
/*!40000 ALTER TABLE `outtype1` ENABLE KEYS */;
UNLOCK TABLES;

--
-- Table structure for table `outtype2`
--

DROP TABLE IF EXISTS `outtype2`;
/*!40101 SET @saved_cs_client     = @@character_set_client */;
/*!40101 SET character_set_client = utf8 */;
CREATE TABLE `outtype2` (
  `id` int(10) unsigned NOT NULL AUTO_INCREMENT,
  `name` char(255) DEFAULT NULL,
  `orderd` smallint(5) unsigned DEFAULT NULL,
  `outType1Key` int(10) unsigned DEFAULT NULL,
  PRIMARY KEY (`id`),
  KEY `outType1Key` (`outType1Key`),
  CONSTRAINT `outtype2_ibfk_1` FOREIGN KEY (`outType1Key`) REFERENCES `outtype1` (`id`)
) ENGINE=InnoDB AUTO_INCREMENT=121 DEFAULT CHARSET=utf8;
/*!40101 SET character_set_client = @saved_cs_client */;

--
-- Dumping data for table `outtype2`
--

LOCK TABLES `outtype2` WRITE;
/*!40000 ALTER TABLE `outtype2` DISABLE KEYS */;
INSERT INTO `outtype2` VALUES (1,'装修费',17,2),(2,'建材',16,2),(3,'居家百货',1,2),(4,'电器',2,2),(5,'家具',3,2),(6,'五金电子',4,2),(7,'布软家纺',14,2),(8,'摄影文印',15,2),(9,'卫厨浴用品',5,2),(10,'书房用品',13,2),(11,'儿童物品',6,2),(12,'水费',7,2),(13,'电费',8,2),(14,'燃气费',9,2),(15,'有线费',10,2),(16,'物业卫生',11,2),(17,'家政费',18,2),(18,'房租',12,2),(19,'其它',100,2),(20,'给钱',1,9),(21,'买物',2,9),(22,'买药',2,9),(23,'诊病',3,9),(24,'捐助',7,9),(25,'请客',4,9),(26,'均摊',5,9),(27,'其它',100,9),(28,'烟',1,1),(29,'酒',2,1),(30,'饭馆',4,1),(31,'饮品冲品',9,1),(32,'调料油盐',8,1),(33,'做饭主副食',5,1),(34,'零食',6,1),(35,'水果',7,1),(36,'其它',100,1),(37,'汽车用品',9,3),(38,'维修',10,3),(39,'保养',11,3),(40,'加油',4,3),(41,'高速费',1,3),(42,'停车',2,3),(43,'车检',12,3),(44,'违章',13,3),(45,'事故赔偿',14,3),(46,'车险',15,3),(47,'行车证件',16,3),(48,'公交地铁',3,3),(49,'的士共享',6,3),(50,'火船汽飞',20,3),(51,'自行车',7,3),(52,'电动车',8,3),(53,'其它',100,3),(54,'吃',1,10),(55,'住',2,10),(56,'玩',3,10),(57,'儿童娱乐',1,4),(58,'腐败庆祝',3,4),(59,'休闲玩乐',2,4),(60,'宠物宝贝',4,4),(61,'其它',100,4),(62,'幼儿园',1,8),(63,'培训费',2,8),(64,'书刊杂志',3,8),(65,'考试',4,8),(66,'学习用品',5,8),(67,'其它',100,8),(68,'衣服',1,13),(69,'鞋帽',2,13),(70,'箱包',3,13),(71,'配件配饰',4,13),(72,'珠宝金银',5,13),(73,'其它',100,13),(74,'洗澡理发',1,5),(75,'美妆护理',2,5),(76,'保健用品',3,5),(77,'健身卡',4,5),(78,'买药',5,5),(79,'医院花销',6,5),(80,'其它',100,5),(82,'银行手续',5,11),(83,'还利',6,11),(85,'房贷',13,2),(88,'其它',100,11),(89,'快递邮政',5,7),(90,'网费',2,7),(91,'电话手机费',1,7),(92,'域名主机',3,7),(93,'充值游戏',4,7),(94,'其它',100,7),(95,'手机',1,6),(96,'手机配件',2,6),(97,'电脑',4,6),(98,'电脑配件',5,6),(99,'数码周边',8,6),(100,'数码设备',7,6),(101,'网络设备',9,6),(102,'手机修理',3,6),(103,'电脑修理',6,6),(104,'家电',10,6),(105,'其它',100,6),(106,'丢失',1,12),(107,'无头账',2,12),(108,'其它',100,12),(109,'其它',100,10),(110,'早点',3,1),(111,'中点',3,1),(112,'晚点',3,1),(113,'娱乐物品',6,4),(114,'社保',4,11),(115,'洗车',5,3),(116,'忘记',3,12),(117,' 其它它',105,12),(118,'伙食费',6,8),(119,'软件费',6,7),(120,'生活日用',4,5);
/*!40000 ALTER TABLE `outtype2` ENABLE KEYS */;
UNLOCK TABLES;

--
-- Table structure for table `user`
--

DROP TABLE IF EXISTS `user`;
/*!40101 SET @saved_cs_client     = @@character_set_client */;
/*!40101 SET character_set_client = utf8 */;
CREATE TABLE `user` (
  `id` int(10) unsigned NOT NULL AUTO_INCREMENT,
  `name` char(255) DEFAULT NULL,
  `sname` char(255) DEFAULT NULL,
  `level` tinyint(1) unsigned DEFAULT '1' COMMENT '1:normal 2:supper',
  `other` text,
  `password` char(255) DEFAULT NULL,
  PRIMARY KEY (`id`)
) ENGINE=InnoDB AUTO_INCREMENT=3 DEFAULT CHARSET=utf8;
/*!40101 SET character_set_client = @saved_cs_client */;

--
-- Dumping data for table `user`
--

LOCK TABLES `user` WRITE;
/*!40000 ALTER TABLE `user` DISABLE KEYS */;
INSERT INTO `user` VALUES (1,'adminlg','老夫',2,NULL,'bGxjQjd1eVE=YmM4M2NlYzRkNDVkMTEyYWViNDlmMmZlNDJjNGY2Nzg='),(2,'admin','老妻',1,NULL,'alF4WWt1SXM=MzcxYTEzMzg0MTI4NTQ3ZDczMDk1M2Y2MjA2OTdmOGI=');
/*!40000 ALTER TABLE `user` ENABLE KEYS */;
UNLOCK TABLES;

--
-- Table structure for table `zhuan_cun`
--

DROP TABLE IF EXISTS `zhuan_cun`;
/*!40101 SET @saved_cs_client     = @@character_set_client */;
/*!40101 SET character_set_client = utf8 */;
CREATE TABLE `zhuan_cun` (
  `id` int(10) unsigned NOT NULL AUTO_INCREMENT,
  `date_dbCreate` datetime DEFAULT NULL,
  `name` char(255) DEFAULT NULL,
  `type` smallint(10) DEFAULT '1' COMMENT '100：转存\r\n\r\n0：存根\r\n\r\n1：借入 \r\n2：还入\r\n3：生意收入\r\n\r\n-1：借出\r\n-2：还出\r\n-3：生意投资',
  `money` int(15) unsigned DEFAULT '0',
  `memberKey_to` int(10) unsigned DEFAULT NULL,
  `memberKey_from` int(10) unsigned DEFAULT NULL,
  `bankTypeKey_to` int(10) unsigned DEFAULT NULL,
  `bankTypeKey_from` int(10) unsigned DEFAULT NULL,
  `bankKey_to` int(10) unsigned DEFAULT NULL,
  `bankKey_from` int(10) unsigned DEFAULT NULL,
  `date_sign` date DEFAULT NULL,
  `other` text,
  `dtype` char(255) DEFAULT NULL,
  `isOughtNotPay` tinyint(4) DEFAULT '0' COMMENT '0:不是额外花费，1:是额外花费',
  PRIMARY KEY (`id`),
  KEY `memberKey_to` (`memberKey_to`),
  KEY `memberKey_from` (`memberKey_from`),
  KEY `bankTypeKey_to` (`bankTypeKey_to`),
  KEY `bankTypeKey_from` (`bankTypeKey_from`),
  KEY `bankKey_to` (`bankKey_to`),
  KEY `bankKey_from` (`bankKey_from`),
  CONSTRAINT `zhuan_cun_ibfk_1` FOREIGN KEY (`bankKey_from`) REFERENCES `bank` (`id`),
  CONSTRAINT `zhuan_cun_ibfk_2` FOREIGN KEY (`bankKey_to`) REFERENCES `bank` (`id`),
  CONSTRAINT `zhuan_cun_ibfk_3` FOREIGN KEY (`bankTypeKey_from`) REFERENCES `banktype` (`id`),
  CONSTRAINT `zhuan_cun_ibfk_4` FOREIGN KEY (`bankTypeKey_to`) REFERENCES `banktype` (`id`),
  CONSTRAINT `zhuan_cun_ibfk_5` FOREIGN KEY (`memberKey_from`) REFERENCES `member` (`id`),
  CONSTRAINT `zhuan_cun_ibfk_6` FOREIGN KEY (`memberKey_to`) REFERENCES `member` (`id`)
) ENGINE=InnoDB AUTO_INCREMENT=70 DEFAULT CHARSET=utf8 COMMENT='存根表';
/*!40101 SET character_set_client = @saved_cs_client */;

--
-- Dumping data for table `zhuan_cun`
--

LOCK TABLES `zhuan_cun` WRITE;
/*!40000 ALTER TABLE `zhuan_cun` DISABLE KEYS */;
INSERT INTO `zhuan_cun` VALUES (1,'2019-01-01 09:26:40','微信钱包',0,1601,2,2,4,1,15,18,'2019-01-01','','',0),(2,'2019-01-01 09:27:12','支付宝',0,2738,2,2,4,1,14,18,'2019-01-01','因2019.3.20退回去年预存宽带费262到支付宝，故在原存根3126上更改：2476+262=2738','',0),(3,'2019-01-01 09:27:26','现金',0,500,2,2,1,1,18,18,'2019-01-01','','',0),(4,'2019-01-01 09:29:40','老婆现金',0,653,3,2,1,1,18,18,'2019-01-01','','',0),(5,'2019-01-08 09:01:33','给老婆支付宝打钱',100,600,3,2,4,4,14,14,'2019-01-08','','',0),(6,'2019-01-10 23:14:07','老婆微信',0,610,3,2,4,1,15,18,'2019-01-01','','',0),(7,'2019-01-10 23:15:37','老婆支付宝',0,493,3,2,4,1,14,18,'2019-01-01','','',0),(8,'2019-01-10 23:28:39','老婆支付宝转现金',100,600,3,3,1,4,18,14,'2019-01-09','','',0),(9,'2019-01-18 21:21:52','妈住院费退回',100,958,2,2,1,3,18,4,'2019-01-18','','',0),(10,'2019-01-19 08:29:17','农户退款处理 民生-》中信',100,99,3,3,3,2,5,7,'2019-01-16','','',0),(11,'2019-01-22 17:06:25','老婆转我500',100,500,2,3,4,2,14,7,'2019-01-22','','',0),(12,'2019-01-22 17:08:07','医院食堂（帐目转圜）',100,94,2,2,3,4,4,15,'2019-01-05','','',0),(13,'2019-01-22 17:08:43','挂急诊（账目转圜）',100,50,2,2,3,4,4,15,'2019-01-04','','',0),(14,'2019-01-22 17:23:53','倒帐转圜',100,50,2,2,4,1,15,18,'2019-01-22','不知道什么帐了，加上这个帐目正好吻合','',0),(15,'2019-01-27 22:14:23','妈买东西 转圜',100,738,2,2,1,3,18,4,'2019-01-26','','',0),(16,'2019-01-29 22:38:10','老婆还花呗',100,1818,3,3,4,2,14,7,'2019-01-29','','',0),(17,'2019-01-29 22:50:41','给老婆',100,10,3,2,1,1,18,18,'2019-01-22','','',0),(18,'2019-02-03 10:44:20','爸车票转圜',100,100,2,2,1,3,18,4,'2019-02-01','','',0),(19,'2019-02-03 19:57:16','还支付宝',100,27,3,3,4,2,14,7,'2019-02-03','','',0),(20,'2019-02-05 09:21:39','给格格',100,20,4,2,1,1,18,18,'2019-02-01','','',0),(21,'2019-02-06 21:23:46','借好享贷',1,10000,2,2,2,4,6,14,'2019-02-04','','',0),(22,'2019-02-11 21:02:40','充值微信',100,200,3,3,4,1,15,18,'2019-02-09','','',0),(23,'2019-02-12 18:36:59','微信转建行6676+1243',100,7919,2,2,2,4,6,15,'2019-02-12','','',0),(24,'2019-02-12 18:37:57','还好享贷',-2,10000,2,2,4,2,14,6,'2019-02-12','','',0),(25,'2019-02-12 18:42:13','还交信卡',100,5596,2,2,3,2,4,6,'2019-02-12','','',0),(26,'2019-02-15 20:48:37','还信用卡',100,680,3,3,3,2,22,7,'2019-02-15','','',0),(27,'2019-02-17 15:51:29','支付宝与微信 账数出入调钱',100,23,3,3,4,4,15,14,'2019-02-17','','',0),(28,'2019-02-17 15:55:26','微信与民生卡 账数出入调钱',100,142,3,3,2,4,7,15,'2019-02-17','','',0),(29,'2019-02-20 21:01:02','民生卡转微信 430+249',100,679,3,3,4,2,15,7,'2019-02-20','','',0),(30,'2019-02-21 20:33:19','淘宝刷单',100,178,3,3,4,4,15,14,'2019-02-21','','',0),(31,'2019-02-23 18:39:09','因住店压金退回',100,80,2,2,1,3,18,4,'2019-02-22','','',0),(32,'2019-03-02 19:56:14','还支付宝',100,813,3,3,4,2,14,7,'2019-03-02','','',0),(34,'2019-03-05 10:15:05','还交信卡',100,973,2,2,3,4,4,14,'2019-03-05','','',0),(35,'2019-03-05 11:36:31','微信充值',100,500,2,2,4,1,15,18,'2019-03-05','','',0),(36,'2019-03-05 11:37:17','支付宝充值693+1812',100,2505,2,2,4,1,14,18,'2019-03-05','','',0),(37,'2019-03-06 21:16:08','刷单--民生到微信',100,249,3,3,4,2,15,7,'2019-03-04','','',0),(38,'2019-03-08 19:16:36','刷单转存',100,266,3,3,4,4,15,14,'2019-03-07','','',0),(39,'2019-03-09 21:21:16','给格格',100,3,4,2,1,1,18,18,'2019-03-09','','',0),(40,'2019-03-15 21:18:44','支付宝转微信',100,498,3,3,4,4,15,14,'2019-03-10','','',0),(41,'2019-03-15 21:33:08','支付宝转微信',100,10,3,3,4,4,15,14,'2019-03-15','','',0),(42,'2019-03-19 21:15:34','刷单',100,116,3,3,4,4,15,14,'2019-03-16','','',0),(43,'2019-03-23 19:22:27','刷单',100,216,3,3,4,2,15,7,'2019-03-22','','',0),(44,'2019-03-23 19:27:03','给客户退运费',100,14,3,3,3,2,5,7,'2019-03-21','','',0),(45,'2019-03-29 22:08:37','刷单',100,279,3,3,4,4,15,14,'2019-03-24','','',0),(46,'2019-03-29 22:16:48','工作转圜',100,13,3,3,4,2,15,7,'2019-03-29','','',0),(47,'2019-03-29 22:34:40','老婆转我',100,2,2,3,1,1,18,18,'2019-03-28','','',0),(48,'2019-04-01 20:18:19','转老公微信',100,200,2,3,4,4,15,15,'2019-04-01','','',0),(49,'2019-04-01 20:20:28','还花贝',100,1595,3,3,4,2,14,7,'2019-04-01','','',0),(50,'2019-04-01 20:20:54','取钱',100,600,3,3,1,2,18,7,'2019-03-31','','',0),(51,'2019-04-08 16:49:07','还完房贷结余',0,7500,2,2,2,4,9,14,'2019-04-08','','',0),(52,'2019-04-08 18:48:15','还完房贷结合留现金',100,500,2,2,1,2,18,9,'2019-04-08','','',0),(53,'2019-04-08 19:02:12','支付宝充值',100,300,2,2,4,2,14,9,'2019-04-08','','',0),(54,'2019-04-08 19:02:27','微信充值',100,500,2,2,4,2,15,9,'2019-04-08',NULL,NULL,0),(55,'2019-04-08 20:43:41','刷单',100,298,3,3,4,4,15,14,'2019-04-06','','',0),(56,'2019-04-08 20:47:29','给客户退运费',100,40,3,3,4,4,15,14,'2019-04-08','','',0),(57,'2019-04-10 20:14:28','民生卡到支付宝',100,90,3,3,4,2,14,7,'2019-04-10','','',0),(58,'2019-04-15 20:33:54','给客户转货款',100,55,3,3,3,4,5,15,'2019-04-12','','',0),(59,'2019-04-19 08:34:16','支付宝充入手环',100,50,2,2,4,4,23,14,'2019-04-18','','',0),(61,'2019-04-21 20:22:36','同事调换钱',100,100,3,3,4,1,15,18,'2019-04-20','','',0),(62,'2019-04-21 20:23:05','做任务',100,219,3,3,4,4,15,14,'2019-04-21','','',0),(63,'2019-04-21 20:27:29','还支付宝',100,728,3,3,4,2,14,7,'2019-04-20','','',0),(64,'2019-04-21 20:28:26','客户转圜',100,43,3,3,3,2,5,7,'2019-04-20',NULL,NULL,0),(65,'2019-04-23 05:24:32','支付宝充值',100,1000,2,2,4,2,14,9,'2019-04-23','','',0),(66,'2019-04-23 05:24:52','微信充值',100,500,2,2,4,2,15,9,'2019-04-23',NULL,NULL,0),(67,'2019-04-23 05:33:54','交信卡还款',100,657,2,2,3,2,4,9,'2019-04-23','','',0),(68,'2019-04-23 20:53:31','给客户退运费',100,25,3,3,3,2,5,7,'2019-04-22','','',0),(69,'2019-04-23 20:53:54','给客户退运费',100,9,3,3,3,2,5,7,'2019-04-23',NULL,NULL,0);
/*!40000 ALTER TABLE `zhuan_cun` ENABLE KEYS */;
UNLOCK TABLES;
/*!40103 SET TIME_ZONE=@OLD_TIME_ZONE */;

/*!40101 SET SQL_MODE=@OLD_SQL_MODE */;
/*!40014 SET FOREIGN_KEY_CHECKS=@OLD_FOREIGN_KEY_CHECKS */;
/*!40014 SET UNIQUE_CHECKS=@OLD_UNIQUE_CHECKS */;
/*!40101 SET CHARACTER_SET_CLIENT=@OLD_CHARACTER_SET_CLIENT */;
/*!40101 SET CHARACTER_SET_RESULTS=@OLD_CHARACTER_SET_RESULTS */;
/*!40101 SET COLLATION_CONNECTION=@OLD_COLLATION_CONNECTION */;
/*!40111 SET SQL_NOTES=@OLD_SQL_NOTES */;

-- Dump completed on 2019-04-23 20:56:18
